f_id,f_name,settlement_date,CT_Area,Owned_Leased,Species_Rich,Purchase_Price,Planting_Year,Arch_Sites,Fish_Spawning,Reg_Success
783,Antcliff,14/02/2022,1879.2321,Owned,55,"$7,030,025.61",2007,TRUE,FALSE,77
409,Rowen,14/03/2022,1280.3366,Leased,63,"$6,488,500.96",2007,TRUE,TRUE,84
389,Merry,13/03/2022,288.5851,Leased,61,"$4,511,807.92",1993,FALSE,TRUE,83
963,Goade,16/12/2022,2578.4984,Owned,53,"$9,569,762.44",2006,FALSE,FALSE,83
532,Physick,13/10/2022,550.674,Leased,37,"$5,939,923.72",1994,TRUE,TRUE,86
71,Braz,3/11/2022,2566.8995,Owned,76,"$441,251.15",1998,FALSE,TRUE,90
865,Lesmonde,31/05/2022,2705.7942,Owned,83,"$6,014,083.76",1997,FALSE,TRUE,86
381,Dozdill,8/12/2022,707.5455,Leased,3,"$5,212,330.53",2011,FALSE,FALSE,93
180,Bartlomiejczyk,22/10/2022,2303.153,Leased,3,"$8,459,846.02",2001,FALSE,FALSE,98
355,Prettejohns,4/11/2022,2426.7049,Leased,62,"$7,185,097.14",1983,FALSE,TRUE,117
606,Papachristophorou,29/08/2022,2158.7707,Owned,20,"$5,747,815.45",1997,FALSE,FALSE,104
478,Eykel,21/09/2022,1736.5377,Owned,34,"$7,028,780.79",2010,FALSE,TRUE,80
407,Bruinemann,6/06/2022,898.2737,Leased,31,"$9,379,417.21",1993,FALSE,TRUE,80
951,Meegan,23/05/2022,1005.222,Leased,16,"$1,483,480.37",2004,FALSE,TRUE,125
645,Galea,19/11/2022,164.6374,Leased,38,"$3,837,290.21",2006,FALSE,TRUE,104
672,Goodger,16/02/2022,2611.3572,Leased,56,"$599,593.05",1999,TRUE,FALSE,81
803,Krahl,29/01/2022,216.9421,Owned,1,"$5,759,378.54",1988,TRUE,TRUE,78
657,Kidder,14/05/2022,2371.8269,Leased,52,"$5,858,751.05",1990,TRUE,FALSE,92
889,Oakwell,25/08/2022,1719.735,Owned,9,"$9,133,654.30",2003,TRUE,TRUE,94
46,Edginton,15/03/2022,1910.6336,Owned,51,"$4,779,147.81",1993,FALSE,TRUE,82
352,Giovanardi,15/05/2022,240.6549,Leased,83,"$1,989,937.58",2005,FALSE,FALSE,93
857,Charte,5/03/2022,740.2563,Leased,40,"$5,871,682.42",2001,TRUE,TRUE,101
843,Warder,12/01/2022,795.8401,Leased,52,"$4,854,978.34",1990,FALSE,FALSE,88
400,Tart,5/06/2022,327.241,Leased,16,"$2,320,866.39",1995,FALSE,FALSE,68
154,Phipps,30/03/2022,1578.855,Owned,2,"$364,288.60",1984,FALSE,FALSE,93
679,Sword,31/08/2022,1804.9013,Owned,66,"$1,953,270.26",1998,TRUE,TRUE,115
941,Worland,13/12/2022,2074.1905,Owned,94,"$2,170,689.19",1995,TRUE,FALSE,91
461,Southcombe,16/06/2022,859.0399,Owned,20,"$808,297.41",2002,FALSE,TRUE,81
436,Bousquet,25/07/2022,1009.9836,Leased,14,"$8,762,386.85",1989,TRUE,TRUE,91
992,Boulton,30/01/2022,2177.3155,Leased,70,"$3,912,743.23",1999,TRUE,TRUE,84
903,Heaford,22/07/2022,382.2433,Leased,47,"$9,748,600.63",2006,FALSE,TRUE,92
832,Biddwell,7/11/2022,945.2395,Owned,94,"$374,630.06",1992,TRUE,TRUE,87
42,Foale,19/06/2022,757.5656,Owned,87,"$3,213,900.60",2008,FALSE,FALSE,95
678,Quant,25/11/2022,86.354,Leased,87,"$4,620,992.45",2011,TRUE,FALSE,96
173,Leither,28/09/2022,569.0703,Leased,37,"$2,935,879.72",1994,TRUE,FALSE,83
810,Sharphurst,11/02/2022,1483.734,Owned,13,"$8,600,834.98",1997,FALSE,TRUE,118
800,Masters,21/02/2022,2514.7193,Leased,27,"$5,187,163.67",2012,TRUE,TRUE,98
312,Highwood,8/04/2022,1272.2528,Owned,48,"$976,912.99",1993,TRUE,FALSE,98
402,Grievson,21/06/2022,1523.5569,Owned,63,"$6,252,179.22",1990,TRUE,FALSE,112
309,Quincey,27/08/2022,371.2518,Owned,12,"$9,038,815.50",1996,FALSE,FALSE,79
758,Attoc,2/01/2022,2629.7691,Leased,11,"$7,827,171.47",1998,FALSE,FALSE,77
653,Goulstone,13/12/2022,804.2871,Owned,12,"$7,724,973.72",1963,TRUE,FALSE,98
657,Hanes,10/02/2022,741.744,Owned,58,"$8,520,609.89",1988,TRUE,FALSE,78
441,Etches,24/08/2022,2289.782,Owned,24,"$5,285,526.51",1990,FALSE,TRUE,89
173,Boick,16/06/2022,685.3674,Owned,25,"$4,255,951.25",2009,TRUE,FALSE,77
437,Brumhead,21/09/2022,577.3337,Owned,7,"$7,125,584.54",1983,FALSE,FALSE,87
566,Jillis,20/10/2022,663.6149,Leased,46,"$1,892,211.49",1994,FALSE,TRUE,94
276,Swinney,11/10/2022,2705.2984,Leased,31,"$8,649,749.70",2012,FALSE,TRUE,100
397,Quant,25/05/2022,2264.5221,Leased,69,"$4,043,017.73",2011,TRUE,TRUE,105
889,Chapelle,31/08/2022,2833.1756,Owned,76,"$5,654,118.19",1995,TRUE,FALSE,79
854,Alforde,17/09/2022,1556.1538,Leased,6,"$5,823,546.66",1988,TRUE,FALSE,95
611,Mushawe,4/11/2022,2537.89,Owned,35,"$1,446,932.10",2012,TRUE,TRUE,117
625,Goldby,29/09/2022,39.1181,Owned,74,"$2,252,091.94",1999,FALSE,TRUE,81
728,Asif,18/10/2022,2470.2867,Owned,43,"$9,297,890.04",2007,TRUE,TRUE,89
134,Rehorek,10/04/2022,38.1047,Leased,61,"$3,883,628.78",2008,FALSE,TRUE,72
362,Polkinhorn,12/09/2022,2494.8839,Owned,51,"$3,904,203.72",2012,FALSE,FALSE,100
104,Valett,3/05/2022,2140.6534,Leased,22,"$3,703,047.35",1996,TRUE,FALSE,97
797,Benzies,4/12/2022,1008.615,Leased,32,"$6,075,586.67",2005,FALSE,FALSE,77
978,Dumper,16/04/2022,618.844,Leased,88,"$1,834,211.53",1995,FALSE,FALSE,96
176,Cosens,20/12/2021,1341.8755,Owned,95,"$9,064,467.47",2006,TRUE,TRUE,77
456,Wackly,19/02/2022,676.082,Leased,90,"$7,459,618.03",1992,FALSE,TRUE,85
294,Hummerston,14/11/2022,2437.1011,Leased,95,"$6,390,095.06",1984,TRUE,FALSE,90
943,Metzig,5/02/2022,124.7337,Leased,82,"$1,259,438.83",1993,FALSE,TRUE,87
603,Charlesworth,19/07/2022,762.0139,Owned,84,"$4,960,499.22",1999,FALSE,FALSE,94
985,Karpman,22/10/2022,686.6356,Owned,73,"$2,473,780.67",1998,TRUE,TRUE,86
499,Eddington,27/02/2022,1541.3402,Owned,55,"$8,283,291.63",2002,TRUE,FALSE,88
209,Morphey,26/10/2022,67.4591,Owned,44,"$669,049.90",2004,TRUE,TRUE,85
624,Worboy,14/08/2022,2796.1633,Leased,22,"$8,565,786.16",2006,FALSE,TRUE,87
192,Ikin,10/10/2022,846.7787,Leased,20,"$2,920,076.61",2005,FALSE,TRUE,95
995,Eyre,30/09/2022,2636.1678,Owned,17,"$4,034,184.46",2003,FALSE,FALSE,77
518,Ruddy,27/09/2022,2043.011,Owned,27,"$8,221,072.00",2005,FALSE,FALSE,78
708,Battrum,30/01/2022,483.2482,Leased,63,"$8,639,036.62",2003,TRUE,TRUE,86
374,St Ledger,30/09/2022,1685.5641,Owned,94,"$5,874,339.78",1998,TRUE,TRUE,102
338,Fores,4/04/2022,380.5612,Leased,6,"$8,038,744.53",2008,FALSE,TRUE,85
235,Jaquemar,5/06/2022,2896.1284,Owned,60,"$2,505,144.75",2012,FALSE,TRUE,80
868,Pietersen,29/07/2022,1905.7129,Owned,49,"$9,732,899.88",2012,TRUE,TRUE,91
933,Klousner,5/10/2022,798.734,Owned,80,"$1,541,456.08",2007,FALSE,FALSE,82
293,Greenshields,8/07/2022,1046.6415,Leased,35,"$9,947,774.07",1989,TRUE,TRUE,100
114,Droghan,24/06/2022,575.2787,Leased,58,"$826,141.14",2006,TRUE,TRUE,93
990,Wyllcock,12/02/2022,1629.4037,Owned,68,"$3,118,935.84",2012,TRUE,TRUE,81
949,Abbyss,10/07/2022,2501.2806,Owned,88,"$9,334,694.18",2006,TRUE,FALSE,73
313,Lawrenz,20/09/2022,2627.4924,Leased,10,"$4,549,731.85",1995,FALSE,TRUE,100
98,Bome,18/08/2022,709.0843,Leased,26,"$1,646,327.98",2004,TRUE,FALSE,90
315,Nassie,5/05/2022,2358.9269,Owned,95,"$9,530,402.71",2000,FALSE,FALSE,100
663,Rottger,30/04/2022,2264.7459,Leased,100,"$1,784,500.56",1995,FALSE,FALSE,87
665,Surcomb,21/09/2022,447.3748,Leased,94,"$8,619,636.81",1999,FALSE,FALSE,86
897,Riall,6/08/2022,2969.5957,Leased,62,"$1,855,714.35",1998,FALSE,FALSE,80
594,Parnell,24/07/2022,2547.2214,Leased,76,"$2,416,224.59",2004,FALSE,TRUE,83
803,O'Ferris,28/06/2022,874.4047,Leased,35,"$4,922,887.57",2000,FALSE,FALSE,82
758,Blaw,23/04/2022,2147.2173,Owned,68,"$1,012,746.02",2008,FALSE,FALSE,79
457,Asplen,14/03/2022,2819.2332,Leased,48,"$5,468,864.61",2002,TRUE,TRUE,86
165,Fewell,30/12/2021,735.9902,Leased,30,"$1,762,225.61",2005,FALSE,FALSE,98
375,Beelby,27/10/2022,2316.439,Owned,43,"$2,215,777.93",2005,TRUE,FALSE,81
355,Cornforth,11/08/2022,2215.7426,Leased,55,"$830,030.37",2002,TRUE,FALSE,93
437,Widdup,16/03/2022,1078.7489,Leased,17,"$1,840,027.09",2008,TRUE,FALSE,80
35,Langfield,12/11/2022,2547.5723,Owned,51,"$8,529,772.43",1994,TRUE,TRUE,91
126,Dain,29/07/2022,2517.8923,Leased,28,"$9,144,065.06",1987,TRUE,TRUE,89
961,Callister,26/03/2022,454.5074,Leased,54,"$1,654,257.32",1997,TRUE,TRUE,83
513,Lorenz,19/09/2022,1949.8261,Leased,42,"$3,036,267.92",2001,FALSE,FALSE,96
135,Cloney,5/08/2022,1722.8403,Leased,13,"$6,712,458.71",1976,TRUE,TRUE,92
268,Eppson,1/10/2022,2991.8905,Owned,24,"$7,568,663.50",1992,FALSE,FALSE,90
902,Cromb,2/05/2022,1124.4501,Owned,17,"$8,464,348.55",2011,TRUE,TRUE,93
14,Bohills,13/08/2022,519.6093,Owned,51,"$9,271,192.95",1991,TRUE,TRUE,106
915,Buist,9/01/2022,2854.8772,Owned,2,"$8,036,768.69",2002,FALSE,FALSE,81
563,Serotsky,30/10/2022,1406.322,Owned,81,"$130,159.60",2007,FALSE,TRUE,100
807,Kleeman,11/01/2022,726.0019,Leased,63,"$227,796.90",2009,FALSE,FALSE,93
921,Rumens,27/02/2022,1554.2568,Leased,61,"$7,502,638.62",2004,FALSE,FALSE,88
610,Mosedill,5/01/2022,1021.8699,Owned,83,"$5,012,474.25",1995,TRUE,TRUE,99
461,O'Sherrin,10/11/2022,2056.5417,Owned,3,"$4,543,552.50",1990,TRUE,FALSE,86
118,Bolf,1/02/2022,2588.4751,Owned,34,"$3,192,135.28",1998,FALSE,TRUE,87
620,Edgar,1/07/2022,2076.8976,Leased,70,"$2,102,057.14",1963,TRUE,TRUE,87
419,Lourens,18/07/2022,2645.2348,Owned,29,"$8,319,461.77",1990,TRUE,TRUE,99
828,Heinlein,17/05/2022,2836.3677,Leased,10,"$710,016.97",2008,TRUE,FALSE,89
161,Michell,13/12/2022,390.2471,Leased,48,"$4,165,203.27",1993,TRUE,FALSE,96
396,Ovens,12/11/2022,2524.804,Leased,78,"$6,916,773.28",1998,TRUE,FALSE,98
668,Huntingford,2/12/2022,2220.911,Leased,20,"$8,668,080.37",1993,TRUE,TRUE,91
723,Douglass,19/05/2022,1269.0144,Owned,5,"$4,804,820.35",2002,TRUE,TRUE,85
932,Duker,14/05/2022,1487.0258,Owned,91,"$6,452,894.29",2007,FALSE,FALSE,85
343,Wincer,1/04/2022,2533.7231,Owned,38,"$3,926,202.02",1992,FALSE,FALSE,99
184,Watman,20/06/2022,2344.7751,Owned,58,"$847,348.28",2011,TRUE,FALSE,99
954,Rossetti,6/02/2022,1876.0805,Leased,51,"$5,813,932.25",1993,TRUE,TRUE,116
352,Searsby,7/04/2022,1982.3078,Leased,98,"$1,334,089.39",2001,FALSE,FALSE,74
276,Lucien,1/05/2022,873.869,Leased,18,"$70,050.61",2008,TRUE,FALSE,83
17,Ridings,29/12/2021,259.4506,Leased,51,"$1,952,961.81",1995,TRUE,FALSE,96
347,Steagall,19/12/2022,2310.4773,Owned,12,"$9,547,221.36",2007,TRUE,TRUE,81
929,Durston,25/06/2022,1037.6126,Leased,12,"$7,816,842.71",1967,TRUE,FALSE,90
846,Stammers,30/07/2022,1845.9041,Leased,63,"$2,739,181.40",2007,FALSE,FALSE,79
929,Cowely,5/12/2022,1095.6816,Owned,30,"$4,217,413.70",2002,TRUE,FALSE,94
903,Dreghorn,2/06/2022,2596.3214,Leased,46,"$3,123,714.62",1995,TRUE,FALSE,98
433,D'Hooge,3/04/2022,1945.2684,Leased,98,"$9,054,303.13",2010,FALSE,FALSE,69
790,Jeroch,23/04/2022,1507.8031,Owned,39,"$1,693,492.85",2006,TRUE,TRUE,97
444,Springer,7/04/2022,2872.6027,Owned,20,"$7,815,399.94",2010,TRUE,FALSE,94
867,Kenna,29/01/2022,1076.7824,Owned,68,"$6,999,804.11",2012,FALSE,FALSE,91
276,Laws,17/11/2022,2847.8976,Owned,36,"$9,765,774.80",1998,TRUE,TRUE,94
147,Heimes,11/02/2022,1822.9676,Owned,68,"$309,776.86",1993,FALSE,FALSE,103
902,Bithany,24/12/2021,1044.0031,Leased,60,"$5,567,239.40",2005,FALSE,FALSE,80
785,Grierson,19/06/2022,2430.0934,Owned,94,"$7,661,867.58",1991,FALSE,TRUE,98
510,Jammes,15/05/2022,56.5399,Owned,45,"$8,452,432.80",1990,TRUE,FALSE,81
883,Bonelle,18/09/2022,601.8253,Owned,50,"$7,985,772.82",2001,TRUE,TRUE,72
641,Macci,28/06/2022,657.4615,Owned,58,"$6,243,821.21",1989,TRUE,TRUE,96
927,Widdall,20/07/2022,2965.4162,Owned,66,"$82,397.61",1985,TRUE,FALSE,97
923,Isbell,28/04/2022,1959.5548,Leased,69,"$9,299,295.13",1987,FALSE,FALSE,87
36,Worledge,16/12/2022,221.0982,Owned,50,"$9,924,165.02",2011,FALSE,FALSE,94
241,Cobbald,2/05/2022,866.6178,Leased,26,"$6,728,951.80",2008,TRUE,FALSE,89
804,Kubista,6/11/2022,514.7229,Leased,41,"$1,781,031.38",2006,TRUE,TRUE,98
803,Mordin,7/04/2022,2645.7125,Leased,9,"$4,270,372.72",1994,TRUE,FALSE,88
913,Zeal,17/06/2022,2192.5742,Owned,93,"$4,917,125.34",2008,TRUE,FALSE,94
736,Teml,4/06/2022,2904.2211,Owned,86,"$1,444,426.64",2012,TRUE,TRUE,83
955,Djakovic,16/11/2022,2210.2648,Leased,48,"$2,645,222.36",1997,FALSE,FALSE,111
946,Elfitt,7/08/2022,1237.3134,Owned,49,"$8,391,839.54",1999,FALSE,TRUE,110
60,Bonicelli,21/11/2022,782.3196,Leased,82,"$9,943,586.75",2006,FALSE,FALSE,96
725,Hadfield,15/04/2022,1153.969,Leased,8,"$5,552,965.04",2002,TRUE,FALSE,86
99,Blackborne,7/12/2022,2731.0787,Owned,9,"$7,073,132.19",1995,FALSE,TRUE,96
631,Burrass,7/10/2022,1883.3179,Leased,8,"$9,677,684.54",2011,FALSE,FALSE,88
633,Prevett,6/05/2022,2616.2479,Leased,42,"$5,673,115.29",1995,FALSE,FALSE,90
388,Cliff,13/11/2022,2067.592,Leased,44,"$8,349,052.15",2012,FALSE,FALSE,75
568,Geerits,15/08/2022,2683.2576,Owned,63,"$8,872,722.06",1997,TRUE,FALSE,104
99,Reignolds,5/11/2022,2941.1671,Leased,68,"$7,033,433.59",1990,FALSE,TRUE,73
408,Smalridge,18/03/2022,1662.8133,Owned,33,"$9,180,007.02",1999,FALSE,TRUE,93
22,Byng,6/05/2022,683.8698,Owned,43,"$8,694,854.62",2008,FALSE,FALSE,84
630,Lacroix,2/07/2022,1868.7725,Leased,87,"$1,829,884.39",2012,FALSE,TRUE,108
453,Ringham,1/10/2022,214.663,Owned,67,"$8,471,149.11",2010,TRUE,TRUE,107
909,Tabour,25/08/2022,1271.3973,Leased,33,"$6,591,865.50",2000,TRUE,TRUE,84
653,Siggin,12/03/2022,2515.6158,Leased,2,"$9,892,336.22",2001,FALSE,FALSE,88
106,Garbott,19/01/2022,2492.549,Leased,57,"$6,001,806.73",2005,TRUE,TRUE,82
952,Roux,11/09/2022,603.351,Owned,7,"$7,487,367.94",1997,FALSE,FALSE,68
351,Deek,21/06/2022,1934.7277,Leased,59,"$4,092,597.59",1988,FALSE,TRUE,87
607,Colleer,14/08/2022,2606.6485,Leased,92,"$7,530,929.46",2005,FALSE,TRUE,104
300,Tale,16/08/2022,1022.7046,Owned,43,"$2,293,335.39",2008,TRUE,FALSE,84
606,Compfort,28/01/2022,1091.0789,Owned,50,"$7,192,777.51",1985,FALSE,TRUE,98
589,Rymmer,15/04/2022,1610.6504,Leased,76,"$3,623,553.51",1993,TRUE,TRUE,79
109,Newvill,15/08/2022,193.198,Leased,91,"$9,756,689.36",2013,TRUE,FALSE,80
690,Geater,15/07/2022,1811.0855,Leased,58,"$8,628,366.24",1991,TRUE,FALSE,71
493,Balme,8/11/2022,2222.9011,Owned,35,"$1,637,017.25",2002,TRUE,TRUE,92
706,Attridge,9/11/2022,1963.2361,Owned,43,"$6,279,791.27",1988,FALSE,FALSE,103
538,Tewnion,8/04/2022,812.2612,Owned,77,"$7,760,055.78",2010,TRUE,FALSE,83
263,Wagerfield,10/12/2022,2249.9488,Owned,82,"$2,246,505.67",1997,FALSE,TRUE,91
273,Fearenside,11/03/2022,2848.1279,Owned,55,"$7,244,640.49",2005,TRUE,TRUE,89
237,Zorzi,17/12/2022,2716.536,Owned,90,"$6,916,589.95",2009,FALSE,FALSE,83
907,Riccardini,13/04/2022,1552.1626,Leased,40,"$7,775,982.97",2010,FALSE,FALSE,93
939,Goldup,22/07/2022,1194.1899,Owned,30,"$1,203,920.49",2010,TRUE,TRUE,88
983,Bickers,25/08/2022,1272.8873,Owned,60,"$2,679,785.73",2000,TRUE,TRUE,93
404,Doding,16/12/2022,1371.6126,Leased,27,"$6,380,093.34",1994,TRUE,FALSE,98
829,McGow,19/09/2022,617.3278,Owned,57,"$8,664,061.30",1977,FALSE,FALSE,86
322,Atwill,27/11/2022,1720.3945,Owned,40,"$3,305,390.52",2000,TRUE,FALSE,83
621,Fonteyne,18/06/2022,1973.8388,Owned,67,"$4,150,495.44",2008,TRUE,FALSE,99
64,Saggers,9/02/2022,2891.503,Leased,81,"$5,450,149.30",1997,FALSE,TRUE,80
443,Farlam,24/09/2022,2940.5659,Leased,99,"$1,552,390.12",2000,FALSE,TRUE,102
484,Maseres,6/10/2022,1263.6829,Owned,73,"$9,482,803.99",1985,TRUE,TRUE,87
259,Chavez,21/02/2022,573.3887,Owned,61,"$8,711,880.11",2010,FALSE,TRUE,94
917,Dudeney,10/11/2022,333.4438,Owned,100,"$2,399,704.87",1995,TRUE,TRUE,82
648,Stansfield,2/04/2022,2766.9963,Leased,10,"$8,930,332.62",2008,TRUE,FALSE,96
294,Rattenbury,30/08/2022,444.8561,Owned,83,"$2,068,871.52",2003,TRUE,TRUE,101
896,Farriar,16/06/2022,2806.4405,Owned,98,"$5,387,900.46",1990,TRUE,FALSE,84
566,Sorrell,3/02/2022,281.2651,Leased,22,"$5,466,783.40",2009,TRUE,FALSE,90
297,Hassall,17/02/2022,881.7852,Leased,97,"$4,903,647.41",2009,FALSE,TRUE,84
213,Downes,23/03/2022,416.6792,Leased,73,"$1,365,991.08",2008,FALSE,FALSE,96
35,Balnaves,29/05/2022,1437.5461,Leased,41,"$5,389,243.49",2002,FALSE,TRUE,82
909,Crowth,24/01/2022,2296.6346,Owned,83,"$8,272,331.86",1986,TRUE,TRUE,89
592,Bunner,6/06/2022,2628.694,Leased,7,"$2,686,463.73",2005,TRUE,TRUE,89
7,Fulford,28/01/2022,1667.0597,Owned,11,"$5,271,328.23",2007,TRUE,TRUE,78
814,Saffen,15/08/2022,2499.1959,Leased,21,"$7,469,217.81",2000,FALSE,FALSE,89
63,Philippe,17/02/2022,2828.7933,Owned,14,"$7,291,307.62",2001,TRUE,FALSE,85
408,Chambers,19/09/2022,622.8933,Owned,40,"$7,224,489.87",1996,TRUE,FALSE,70
770,Boultwood,22/05/2022,2994.0885,Leased,71,"$9,678,949.14",1999,FALSE,FALSE,82
169,Yaakov,21/06/2022,2560.0397,Leased,43,"$7,253,410.17",2007,FALSE,TRUE,83
417,Coughtrey,4/05/2022,2608.0879,Leased,84,"$3,164,923.64",1990,TRUE,TRUE,73
892,Renard,29/01/2022,2684.5166,Owned,32,"$7,549,918.60",2008,FALSE,TRUE,96
363,McKoy,2/04/2022,1871.5915,Owned,14,"$1,859,372.83",1995,FALSE,FALSE,82
627,Moreno,11/04/2022,1505.0143,Owned,85,"$2,248,829.49",2004,TRUE,TRUE,89
992,Bagby,16/02/2022,1872.9446,Owned,56,"$785,543.12",1996,TRUE,TRUE,86
822,Huggett,21/09/2022,1049.3504,Owned,84,"$8,288,729.17",1993,FALSE,FALSE,83
335,Castanone,17/06/2022,2060.0498,Owned,31,"$9,948,165.81",2012,FALSE,FALSE,85
318,Veronique,22/11/2022,407.4805,Leased,72,"$1,878,858.13",2006,FALSE,FALSE,83
759,Jermy,17/06/2022,1318.4657,Leased,42,"$4,256,159.11",2005,FALSE,FALSE,90
263,Francino,21/03/2022,1241.7067,Owned,20,"$9,437,902.02",1992,FALSE,TRUE,79
673,Spreadbury,1/06/2022,2195.6218,Leased,96,"$6,841,266.90",2001,FALSE,FALSE,87
844,Snodin,11/03/2022,1589.3317,Owned,17,"$7,083,411.47",1997,TRUE,FALSE,79
126,Esbrook,30/06/2022,712.736,Leased,47,"$9,653,037.53",1992,TRUE,FALSE,90
983,Rumbellow,13/03/2022,1151.469,Leased,91,"$2,623,066.72",2005,FALSE,TRUE,91
1,Rampley,12/08/2022,2446.4529,Owned,4,"$2,852,096.73",2001,FALSE,TRUE,80
216,Gunderson,5/08/2022,1687.9733,Owned,14,"$3,795,132.73",2004,FALSE,TRUE,82
758,Salasar,4/12/2022,601.8993,Owned,43,"$1,476,309.28",1996,FALSE,TRUE,97
826,Lawley,16/05/2022,2552.1658,Leased,26,"$7,122,016.79",2008,TRUE,FALSE,97
156,Blanchet,13/09/2022,1327.8565,Leased,52,"$775,981.05",2004,TRUE,FALSE,95
796,Goldine,24/12/2021,1072.9431,Owned,22,"$3,955,950.83",2007,TRUE,TRUE,91
383,Gland,18/11/2022,542.3735,Leased,47,"$7,245,244.83",1994,FALSE,TRUE,81
903,Riceards,18/09/2022,2197.6871,Owned,100,"$6,480,985.26",2009,TRUE,FALSE,82
203,Goschalk,25/12/2021,600.4188,Owned,16,"$3,417,449.89",2006,TRUE,FALSE,100
959,Galletley,29/09/2022,1583.4412,Owned,2,"$7,547,549.74",2012,TRUE,FALSE,108
280,Downham,13/10/2022,2833.1438,Leased,15,"$2,743,590.59",1970,TRUE,TRUE,87
521,Dikels,7/05/2022,1364.3624,Owned,16,"$2,887,808.86",1993,TRUE,FALSE,108
474,Noto,19/09/2022,1958.4975,Owned,76,"$6,394,230.73",2002,TRUE,TRUE,91
113,Pervoe,5/07/2022,2273.7277,Owned,80,"$4,161,527.47",2008,TRUE,FALSE,93
362,Pesselt,27/12/2021,1384.3211,Leased,36,"$8,883,812.80",2007,FALSE,FALSE,100
241,Drohane,13/11/2022,2106.2471,Owned,21,"$4,533,734.08",1995,FALSE,FALSE,78
870,Godleman,29/11/2022,264.7196,Leased,67,"$7,642,075.70",2005,FALSE,TRUE,86
459,Hunnicutt,2/11/2022,647.0158,Leased,12,"$8,433,973.92",2007,FALSE,FALSE,83
928,Consadine,20/03/2022,2018.5156,Leased,41,"$7,697,832.93",2004,FALSE,TRUE,86
682,McGeneay,29/06/2022,105.5504,Owned,50,"$5,419,735.25",2005,TRUE,TRUE,101
148,Oakwood,5/12/2022,1152.5691,Leased,53,"$7,586,762.64",2004,FALSE,FALSE,77
57,Manie,23/03/2022,2292.1151,Leased,96,"$3,762,975.11",2003,FALSE,FALSE,84
244,Zolini,21/07/2022,947.7065,Leased,32,"$4,838,746.44",2009,FALSE,FALSE,85
441,Pillman,19/01/2022,2083.5328,Leased,17,"$3,766,574.94",1998,TRUE,FALSE,99
864,Weippert,19/02/2022,1638.7851,Owned,18,"$8,198,216.71",1998,TRUE,TRUE,97
540,Pifford,19/10/2022,332.5665,Leased,21,"$1,499,001.61",2013,TRUE,FALSE,73
243,Iapico,26/09/2022,679.9882,Leased,15,"$7,679,608.38",1997,TRUE,TRUE,72
910,Clubbe,17/08/2022,2233.1329,Leased,6,"$4,512,559.96",1992,FALSE,TRUE,76
364,Glandfield,20/04/2022,2261.7131,Leased,4,"$7,689,914.84",1986,TRUE,FALSE,88
66,Huxham,29/03/2022,364.6697,Owned,34,"$380,805.06",1978,FALSE,FALSE,109
645,Fitchew,22/05/2022,2146.3793,Leased,3,"$2,323,710.03",2009,TRUE,TRUE,80
14,Cuttles,28/10/2022,223.1032,Owned,4,"$7,973,395.56",1992,FALSE,TRUE,89
393,Tregust,21/04/2022,73.9671,Leased,24,"$2,973,866.04",1985,TRUE,FALSE,85
686,O'Heffernan,20/02/2022,1053.5715,Leased,62,"$4,202,478.66",1996,TRUE,FALSE,101
489,Ravenhills,13/12/2022,1806.4158,Leased,33,"$2,767,186.98",1995,TRUE,FALSE,104
105,Manser,1/05/2022,1086.6238,Owned,41,"$7,154,412.81",2009,TRUE,TRUE,104
634,Alven,28/09/2022,1454.6657,Leased,50,"$1,882,594.65",2007,TRUE,FALSE,93
761,Matantsev,15/09/2022,2307.5842,Leased,77,"$5,185,530.83",2006,FALSE,TRUE,80
779,Varnham,1/08/2022,258.7714,Owned,86,"$2,724,606.95",2006,TRUE,TRUE,99
526,Acomb,9/04/2022,951.3594,Leased,96,"$8,443,682.15",2007,TRUE,FALSE,105
839,Barling,18/03/2022,1828.3522,Leased,48,"$8,253,101.07",2012,FALSE,FALSE,79
108,Hebbron,6/10/2022,2582.2369,Owned,25,"$8,111,918.81",2010,TRUE,FALSE,88
326,Covolini,31/10/2022,2408.8929,Owned,54,"$8,123,091.96",2005,TRUE,TRUE,92
163,Oxton,11/04/2022,2720.1574,Owned,40,"$7,793,533.25",1970,TRUE,TRUE,92
792,Sanham,21/06/2022,2704.3986,Owned,48,"$6,258,159.55",2012,TRUE,TRUE,89
919,Bolter,6/07/2022,785.6149,Owned,14,"$703,906.95",1989,FALSE,TRUE,101
951,Garms,2/06/2022,967.5926,Leased,24,"$7,794,196.75",2013,TRUE,TRUE,79
965,Linkin,25/03/2022,2235.2803,Owned,1,"$1,999,964.86",2008,FALSE,TRUE,80
665,Scotting,12/01/2022,2148.7986,Leased,8,"$4,060,596.97",2009,FALSE,TRUE,85
50,Capell,5/05/2022,2041.76,Leased,21,"$3,763,757.93",1994,FALSE,TRUE,86
100,Dudding,13/09/2022,2901.7735,Leased,69,"$3,244,355.69",2001,FALSE,FALSE,105
239,Antonovic,8/10/2022,828.3099,Owned,86,"$3,282,252.21",2006,FALSE,TRUE,109
591,Jenner,17/09/2022,2131.2061,Owned,58,"$7,771,979.84",1971,TRUE,TRUE,91
542,Casper,4/04/2022,1827.0524,Leased,89,"$4,931,683.42",2004,TRUE,FALSE,86
15,Meric,17/10/2022,1198.0149,Leased,1,"$7,214,181.82",1995,FALSE,TRUE,110
415,Atkin,17/08/2022,740.4615,Leased,41,"$8,108,213.41",1976,FALSE,TRUE,107
867,Strafen,10/11/2022,446.9132,Leased,39,"$5,758,232.97",1985,FALSE,TRUE,95
516,Nelm,29/06/2022,2899.4843,Leased,82,"$1,731,408.69",1995,FALSE,TRUE,96
510,Butner,18/03/2022,400.0998,Leased,4,"$186,339.18",1998,FALSE,FALSE,95
70,Curnow,10/12/2022,2767.8196,Owned,99,"$6,632,134.71",2006,FALSE,FALSE,90
665,Addinall,21/08/2022,1229.0896,Owned,72,"$9,028,125.94",1996,TRUE,TRUE,77
171,Ledram,18/10/2022,1133.3786,Owned,58,"$7,396,344.21",1999,FALSE,TRUE,87
810,Handke,5/07/2022,69.5831,Leased,45,"$2,929,409.48",2007,TRUE,TRUE,77
125,Weond,2/07/2022,124.5234,Owned,9,"$282,541.86",2008,FALSE,FALSE,91
99,Ber,7/08/2022,2380.8567,Leased,8,"$4,600,010.63",2009,TRUE,FALSE,81
114,Lilywhite,23/02/2022,2026.0424,Owned,37,"$1,763,705.76",2011,TRUE,FALSE,80
361,Edson,28/06/2022,467.1862,Owned,81,"$2,371,835.06",1994,TRUE,FALSE,90
632,Mustill,29/10/2022,2714.3429,Owned,9,"$6,371,080.66",2010,FALSE,FALSE,91
526,Charpling,23/12/2021,2831.3038,Leased,94,"$9,100,654.71",1987,FALSE,TRUE,94
198,Howel,1/01/2022,1970.4375,Owned,83,"$4,784,648.31",1994,FALSE,FALSE,78
100,Elphee,17/09/2022,2241.3758,Owned,2,"$9,130,684.28",2000,FALSE,FALSE,96
58,McKirton,29/12/2021,1887.2627,Leased,68,"$2,048,996.93",2004,TRUE,FALSE,105
971,Munnis,27/06/2022,2497.721,Leased,98,"$2,650,374.25",1996,FALSE,TRUE,79
997,Estrella,21/08/2022,1663.1072,Owned,50,"$5,105,006.27",2002,TRUE,TRUE,83
375,Ithell,22/08/2022,2832.1731,Owned,8,"$7,396,040.43",1997,FALSE,TRUE,90
771,Cortez,3/02/2022,822.6367,Owned,30,"$4,901,777.63",2009,TRUE,TRUE,86
42,Twiddy,22/04/2022,705.7484,Leased,41,"$1,144,105.74",2000,TRUE,TRUE,77
449,Fould,11/03/2022,572.2448,Owned,96,"$6,886,590.68",2001,TRUE,FALSE,94
340,Perigo,9/06/2022,1204.5029,Leased,30,"$5,726,036.23",2007,TRUE,TRUE,94
469,Dutton,17/12/2022,526.2138,Owned,43,"$3,258,686.27",2006,FALSE,TRUE,91
128,Szwandt,11/10/2022,580.3961,Owned,27,"$9,250,598.00",2007,FALSE,TRUE,93
836,Ossulton,19/08/2022,2652.1273,Leased,14,"$31,902.97",1993,FALSE,TRUE,109
901,Worboys,18/03/2022,340.0473,Owned,50,"$9,704,305.40",2011,FALSE,TRUE,94
840,Goodsell,11/06/2022,1868.2874,Leased,60,"$2,301,142.82",2004,TRUE,TRUE,95
660,Vose,7/02/2022,2638.6753,Owned,54,"$8,486,549.17",1993,TRUE,TRUE,84
830,Dargie,31/01/2022,941.9753,Owned,81,"$4,823,913.15",1986,TRUE,FALSE,88
29,Shore,21/05/2022,591.2992,Leased,36,"$4,825,028.07",1989,TRUE,TRUE,93
633,Dayne,30/01/2022,1470.11,Owned,13,"$6,338,198.70",2002,TRUE,FALSE,88
753,Favell,15/10/2022,1646.7628,Owned,87,"$192,271.07",1998,FALSE,TRUE,72
183,Crimes,29/11/2022,1564.6586,Owned,36,"$5,790,533.68",2003,TRUE,FALSE,96
3,Henbury,25/01/2022,541.0532,Owned,17,"$646,047.50",2011,FALSE,FALSE,100
171,Jeans,10/09/2022,2362.9442,Leased,94,"$8,423,522.66",2012,FALSE,FALSE,96
717,Buggs,23/12/2021,2077.5449,Owned,37,"$4,251,718.37",1994,TRUE,TRUE,88
368,Tothe,2/12/2022,2968.8984,Owned,45,"$9,722,620.06",1994,TRUE,FALSE,79
699,Flacknell,14/12/2022,2689.7007,Owned,83,"$7,181,254.62",2010,TRUE,FALSE,82
444,Allgood,28/01/2022,2733.5388,Leased,85,"$7,012,131.78",2008,TRUE,FALSE,78
116,Noakes,15/03/2022,1267.0338,Leased,72,"$1,058,660.31",2011,TRUE,FALSE,100
243,Grimolbie,26/12/2021,1870.3892,Owned,92,"$2,496,977.94",2002,TRUE,FALSE,82
939,Suttaby,17/03/2022,1406.8913,Leased,100,"$7,394,849.15",1998,TRUE,FALSE,84
835,Cranmere,13/12/2022,884.5659,Leased,41,"$6,685,425.80",1974,TRUE,FALSE,87
493,Collecott,31/12/2021,1883.5567,Owned,72,"$8,026,817.87",2008,TRUE,TRUE,84
766,Schimoni,20/10/2022,841.1014,Leased,1,"$9,375,384.25",1997,TRUE,FALSE,95
780,Pleuman,2/10/2022,755.8082,Owned,64,"$2,267,727.08",1985,TRUE,FALSE,93
210,Lowndsborough,18/12/2022,2871.8746,Owned,66,"$4,231,982.45",2009,TRUE,TRUE,78
861,Winsborrow,13/04/2022,84.8543,Leased,81,"$5,684,143.51",1989,FALSE,FALSE,70
643,Kaplin,20/10/2022,179.0962,Leased,21,"$8,373,413.46",1997,TRUE,FALSE,95
199,Mergue,2/08/2022,2599.29,Owned,58,"$4,791,709.67",2009,TRUE,TRUE,91
936,Lune,24/03/2022,2441.487,Leased,63,"$3,710,373.84",2012,FALSE,FALSE,80
3,Aslam,10/08/2022,1093.5182,Owned,70,"$5,367,215.73",1997,TRUE,TRUE,88
876,Abadam,5/11/2022,2384.521,Leased,36,"$5,533,371.78",2002,TRUE,FALSE,107
479,Ivel,3/05/2022,422.2557,Leased,41,"$5,482,893.15",1993,FALSE,TRUE,95
971,Faucett,26/07/2022,308.8955,Leased,37,"$7,922,663.69",1993,FALSE,TRUE,71
4,Albrook,18/02/2022,2907.4982,Leased,45,"$2,151,224.74",2004,FALSE,TRUE,93
982,Thom,3/04/2022,1776.5687,Owned,93,"$1,896,289.35",1967,TRUE,FALSE,81
358,Bouldon,9/09/2022,768.2497,Owned,74,"$5,512,638.53",2005,TRUE,TRUE,93
197,Wisbey,19/12/2022,763.9527,Owned,30,"$2,398,789.78",2000,TRUE,FALSE,103
207,Fenkel,29/09/2022,663.6757,Leased,94,"$7,220,437.27",2003,FALSE,FALSE,92
991,Itscowicz,28/05/2022,972.5019,Owned,56,"$6,959,415.83",2003,TRUE,TRUE,96
597,Cushe,13/12/2022,1705.2755,Owned,3,"$7,427,631.30",1993,TRUE,TRUE,90
724,Lockton,3/06/2022,2371.5299,Owned,48,"$7,164,750.46",2004,FALSE,TRUE,96
137,Ireland,26/11/2022,2859.4321,Owned,73,"$5,023,875.77",2008,TRUE,TRUE,89
588,Maunsell,3/04/2022,1081.5347,Owned,58,"$6,663,968.52",2005,FALSE,FALSE,83
469,Linnell,6/01/2022,256.0501,Leased,45,"$9,687,127.47",1992,FALSE,FALSE,86
684,Gabits,22/03/2022,2278.8385,Leased,19,"$9,762,053.15",2005,TRUE,TRUE,101
168,Dearnaly,6/11/2022,1511.7089,Leased,50,"$9,427,160.37",2009,TRUE,TRUE,83
186,Danelut,1/04/2022,1627.2209,Leased,86,"$6,499,732.83",2012,TRUE,TRUE,82
797,Basile,16/08/2022,2736.2285,Owned,27,"$9,478,816.82",2001,FALSE,TRUE,101
236,Lenin,19/06/2022,2959.5455,Leased,95,"$9,314,477.79",2005,TRUE,TRUE,80
540,Burney,6/02/2022,1159.4968,Owned,71,"$7,339,573.19",2008,TRUE,TRUE,97
879,Rutigliano,20/01/2022,2552.292,Owned,30,"$3,549,771.67",2005,FALSE,TRUE,91
520,Rashleigh,22/09/2022,2365.3071,Owned,81,"$5,843,278.18",2002,FALSE,FALSE,101
390,Tremlett,12/10/2022,1233.0886,Owned,82,"$2,894,082.55",2002,FALSE,TRUE,93
343,Biffen,6/06/2022,2630.3162,Leased,36,"$7,521,111.33",1997,TRUE,TRUE,104
365,Stroulger,25/11/2022,2322.1834,Leased,75,"$6,878,954.78",2008,TRUE,FALSE,77
776,Skellern,23/10/2022,2547.9152,Leased,9,"$7,801,734.01",1999,FALSE,FALSE,75
118,Slopier,27/05/2022,2220.7166,Owned,81,"$5,199.26",2006,FALSE,FALSE,86
796,Waplinton,24/02/2022,2947.0256,Owned,9,"$4,899,941.81",2000,TRUE,FALSE,91
366,Scuffham,17/06/2022,1010.1261,Owned,25,"$7,669,189.07",1990,FALSE,FALSE,91
797,Rowston,29/05/2022,293.4165,Owned,75,"$6,109,484.27",2007,TRUE,TRUE,105
654,Youll,21/10/2022,452.7798,Leased,55,"$3,339,359.39",2008,TRUE,TRUE,90
398,Saing,13/12/2022,2158.2341,Owned,56,"$7,360,642.26",1998,FALSE,TRUE,82
552,Reimer,17/03/2022,225.5706,Owned,43,"$5,292,288.45",2010,FALSE,TRUE,84
396,Denyagin,4/09/2022,1341.5597,Owned,22,"$6,108,757.91",2000,TRUE,TRUE,112
703,Harvett,2/08/2022,571.3771,Leased,95,"$7,032,437.92",1997,FALSE,TRUE,88
2,Milmo,26/05/2022,2452.5861,Leased,3,"$9,662,048.90",1984,TRUE,FALSE,94
452,McNiven,20/02/2022,1827.2294,Owned,11,"$6,335,644.78",2009,FALSE,TRUE,98
996,Crocombe,18/06/2022,2078.2512,Leased,67,"$8,228,328.20",2006,TRUE,TRUE,97
610,Philpin,14/03/2022,2674.7891,Owned,27,"$8,978,891.21",2007,FALSE,FALSE,90
995,Chaudret,15/09/2022,181.9779,Owned,6,"$2,191,796.42",1988,TRUE,TRUE,80
608,Ranklin,4/03/2022,2080.621,Owned,71,"$4,995,840.54",2003,FALSE,TRUE,100
414,Whitlock,3/08/2022,230.9103,Leased,32,"$5,532,488.68",2006,TRUE,TRUE,88
261,Sussex,12/07/2022,2494.5195,Owned,89,"$6,581,585.44",2010,FALSE,FALSE,82
353,Buss,28/07/2022,120.878,Leased,48,"$5,205,396.86",2002,TRUE,FALSE,95
660,Paradyce,17/04/2022,1171.1924,Leased,98,"$2,196,214.44",1993,FALSE,TRUE,81
396,Fisby,27/12/2021,964.3905,Leased,79,"$4,930,471.74",1992,TRUE,TRUE,99
125,Bridie,6/01/2022,1572.5193,Leased,75,"$9,947,971.51",1991,TRUE,TRUE,89
621,Fransoni,15/03/2022,1880.821,Leased,11,"$9,508,981.06",1999,FALSE,TRUE,95
43,Stubbes,11/02/2022,2966.3435,Owned,33,"$3,853,278.23",1997,TRUE,TRUE,72
349,Gwilt,26/05/2022,2906.2976,Leased,71,"$3,059,894.40",2008,TRUE,FALSE,90
910,Harker,18/12/2022,1432.4499,Owned,73,"$2,138,403.49",1984,TRUE,TRUE,88
818,Stennine,30/09/2022,2284.7163,Leased,42,"$6,369,061.15",1996,FALSE,FALSE,76
759,Pantlin,9/10/2022,1892.1345,Leased,11,"$3,169,743.18",2007,FALSE,FALSE,112
202,Lucks,5/06/2022,745.4664,Leased,15,"$2,818,357.69",2008,FALSE,FALSE,93
720,McGee,20/08/2022,96.8511,Leased,79,"$5,367,691.29",2009,TRUE,TRUE,96
172,Vondrys,24/03/2022,309.4049,Owned,13,"$4,825,545.75",2003,TRUE,TRUE,89
48,Rosenstengel,18/06/2022,2167.703,Owned,82,"$9,449,150.00",1999,TRUE,FALSE,91
421,Bentham3,7/05/2022,697.4043,Owned,49,"$4,694,291.65",2007,FALSE,FALSE,82
363,Baraclough,17/09/2022,403.592,Owned,9,"$9,230,246.45",1996,TRUE,FALSE,89
706,Peckett,7/05/2022,508.8524,Owned,29,"$7,922,133.35",2010,TRUE,FALSE,90
7,Lisett,30/06/2022,2612.8481,Leased,74,"$1,580,053.87",1991,TRUE,FALSE,112
996,Bremley,14/10/2022,2511.4027,Owned,99,"$3,967,817.37",1996,FALSE,FALSE,85
311,Alyoshin,9/06/2022,697.2251,Leased,44,"$9,850,569.80",1987,FALSE,TRUE,91
689,Maccrie,6/05/2022,49.0633,Leased,50,"$6,980,334.04",1987,TRUE,TRUE,94
474,Nicklin,6/11/2022,2930.116,Owned,86,"$2,135,479.53",2009,FALSE,TRUE,70
620,Dayley,2/03/2022,1244.171,Owned,29,"$9,533,125.02",1997,FALSE,TRUE,95
850,Blaes,15/06/2022,488.2742,Leased,47,"$8,852,853.55",2005,TRUE,TRUE,85
530,Rendbaek,14/12/2022,2947.5061,Owned,80,"$6,969,235.29",1997,FALSE,TRUE,98
537,Callender,22/06/2022,1439.314,Leased,24,"$9,283,402.17",2007,FALSE,FALSE,100
880,Josskovitz,10/12/2022,938.4252,Leased,100,"$1,612,010.40",2005,FALSE,TRUE,98
377,Bartolomeoni,25/08/2022,981.3175,Owned,92,"$846,484.35",2007,FALSE,TRUE,86
248,Lancley,14/11/2022,636.0556,Leased,20,"$7,510,411.74",2012,TRUE,TRUE,87
302,Penrose,11/10/2022,1751.3829,Owned,73,"$617,781.66",2007,FALSE,TRUE,72
903,Navein,20/11/2022,1444.2842,Leased,50,"$2,720,561.72",1988,TRUE,TRUE,87
276,McQuirter,25/12/2021,406.9596,Leased,99,"$2,144,596.29",2004,TRUE,FALSE,82
742,Rodrigo,4/11/2022,2002.2219,Owned,40,"$2,300,711.42",1994,FALSE,TRUE,90
514,Bleythin,5/07/2022,1277.4095,Owned,38,"$6,903,721.08",1999,TRUE,FALSE,83
668,Guiduzzi,4/07/2022,2550.0428,Owned,34,"$349,725.28",1995,TRUE,TRUE,97
310,Joisce,28/05/2022,528.8097,Leased,78,"$9,965,575.84",1999,FALSE,TRUE,104
789,Grinikhinov,4/07/2022,407.0309,Leased,55,"$1,355,258.25",2012,FALSE,FALSE,65
832,Spincke,7/04/2022,2966.1083,Leased,26,"$5,284,513.53",2002,TRUE,FALSE,105
558,Matelaitis,10/01/2022,84.2493,Owned,85,"$8,543,406.12",1964,FALSE,TRUE,92
159,Farnsworth,21/11/2022,1574.987,Owned,62,"$4,825,752.95",2012,FALSE,TRUE,100
564,Welband,14/03/2022,1719.8811,Owned,5,"$5,461,610.56",2012,TRUE,TRUE,73
673,Scapens,27/05/2022,619.7002,Owned,43,"$876,592.90",1986,FALSE,TRUE,97
82,Dace,18/08/2022,916.2903,Leased,4,"$7,457,589.69",2001,TRUE,TRUE,89
8,Adamiak,28/04/2022,2977.38,Leased,51,"$2,892,007.14",2002,FALSE,FALSE,82
224,Jewel,4/06/2022,2224.1517,Owned,76,"$205,154.34",1992,FALSE,TRUE,84
812,Letson,26/03/2022,1684.7813,Owned,99,"$112,946.02",2012,TRUE,TRUE,105
947,Dews,27/12/2021,2410.3567,Leased,78,"$1,552,651.35",1993,FALSE,TRUE,107
485,Hulse,8/02/2022,378.202,Owned,35,"$3,765,342.22",2009,FALSE,TRUE,121
301,Martinovic,19/12/2022,1831.5223,Leased,35,"$1,561,396.71",1996,TRUE,FALSE,80
392,Szymczyk,7/04/2022,739.368,Owned,48,"$9,435,351.77",2007,FALSE,TRUE,79
176,Grayley,21/12/2021,638.0609,Leased,62,"$4,055,354.75",2008,TRUE,TRUE,103
786,Dorwood,28/01/2022,798.9633,Leased,85,"$3,276,736.26",2009,TRUE,TRUE,89
753,Cogdell,21/07/2022,304.9714,Leased,23,"$5,092,879.16",2006,TRUE,TRUE,97
879,Shallcross,16/03/2022,1968.6891,Leased,46,"$7,723,214.18",1993,FALSE,TRUE,95
597,Tilte,20/08/2022,116.0092,Owned,55,"$8,189,628.49",1997,FALSE,TRUE,84
685,Presman,18/05/2022,531.6805,Owned,33,"$4,270,803.75",1991,FALSE,FALSE,89
60,Struther,6/01/2022,962.5251,Owned,43,"$8,931,780.68",1999,FALSE,FALSE,105
970,Waldron,15/09/2022,749.3296,Owned,29,"$7,699,580.16",2002,FALSE,FALSE,68
679,Giacubbo,26/11/2022,631.1216,Owned,19,"$3,924,938.77",2013,FALSE,TRUE,100
952,Bunten,22/04/2022,1437.9198,Leased,31,"$2,150,765.64",1986,FALSE,FALSE,93
646,Barkaway,11/02/2022,32.3499,Leased,28,"$4,304,580.50",2007,FALSE,FALSE,67
1,Wyburn,6/12/2022,592.6129,Leased,43,"$6,536,069.89",2002,TRUE,FALSE,87
345,Judkin,21/05/2022,2581.2753,Leased,86,"$7,162,781.45",1999,TRUE,TRUE,96
246,McMeeking,28/06/2022,835.6386,Leased,22,"$5,064,999.17",1993,TRUE,FALSE,93
126,Wisam,3/05/2022,1691.0212,Owned,94,"$7,044,127.13",2001,FALSE,FALSE,116
521,Rosenthaler,5/09/2022,1680.0102,Leased,7,"$1,901,419.52",1972,TRUE,TRUE,77
771,Hares,14/01/2022,1763.2434,Owned,2,"$4,466,722.01",1994,FALSE,FALSE,101
348,Moulsdale,27/01/2022,2227.5379,Leased,78,"$533,052.99",2006,TRUE,TRUE,92
15,Dwyr,17/12/2022,2533.9506,Owned,14,"$6,635,134.81",2001,TRUE,FALSE,107
92,McGinty,9/02/2022,303.0144,Owned,73,"$3,939,457.51",1993,FALSE,FALSE,86
931,Mayoh,17/09/2022,488.9471,Leased,59,"$4,022,438.41",2006,FALSE,FALSE,101
869,Mitford,24/05/2022,1118.2113,Leased,9,"$9,676,360.53",1992,TRUE,FALSE,97
659,Harragin,20/05/2022,1978.6059,Leased,43,"$3,803,506.41",1999,TRUE,TRUE,93
622,Osanne,26/12/2021,1547.5281,Leased,22,"$7,847,250.05",2009,FALSE,TRUE,88
576,Scorton,13/06/2022,785.4795,Owned,84,"$5,596,962.44",1998,FALSE,FALSE,107
909,Lozano,21/01/2022,2922.7297,Owned,7,"$6,559,264.13",1997,FALSE,TRUE,96
130,Sukbhans,13/11/2022,2720.6271,Owned,25,"$2,157,745.29",1993,TRUE,FALSE,91
966,Huxstep,12/08/2022,1183.7352,Leased,71,"$2,333,213.57",1993,FALSE,TRUE,96
263,Ocheltree,22/05/2022,88.2519,Leased,76,"$2,610,284.11",1995,FALSE,TRUE,91
432,Dasent,19/08/2022,1685.1495,Leased,27,"$9,175,248.45",2004,FALSE,FALSE,93
987,Hurry,11/12/2022,1131.1408,Leased,18,"$1,417,766.88",2009,TRUE,TRUE,87
316,Siley,26/12/2021,2083.7476,Owned,84,"$7,391,538.41",1993,TRUE,TRUE,92
178,Delooze,13/08/2022,835.7397,Owned,53,"$1,380,953.76",2001,FALSE,TRUE,102
417,Katt,8/07/2022,116.2507,Owned,91,"$9,515,559.81",1986,FALSE,FALSE,88
968,Cameron,8/05/2022,2537.6075,Owned,99,"$3,795,369.48",2009,FALSE,FALSE,96
996,Donavan,31/12/2021,1911.7517,Leased,6,"$2,739,455.32",2001,FALSE,TRUE,96
758,Moens,20/01/2022,2174.1294,Leased,27,"$3,649,773.95",1999,TRUE,TRUE,77
37,Poley,12/09/2022,556.741,Owned,93,"$5,163,514.38",1999,TRUE,TRUE,91
162,Bernardin,24/11/2022,910.4706,Leased,7,"$9,159,200.08",2011,FALSE,FALSE,75
534,Stiggers,12/08/2022,40.1925,Owned,32,"$2,801,622.22",2002,TRUE,TRUE,89
471,Stanlake,14/06/2022,593.6061,Leased,52,"$1,686,219.09",1998,FALSE,TRUE,101
250,Erie,7/03/2022,1095.062,Leased,17,"$7,697,706.96",1994,TRUE,FALSE,71
225,Berntssen,3/09/2022,1002.7382,Leased,55,"$9,662,141.31",1987,FALSE,FALSE,95
24,Foard,1/02/2022,938.4935,Leased,61,"$7,379,280.74",2002,FALSE,FALSE,79
550,Abrams,13/10/2022,2805.3089,Owned,65,"$3,716,869.86",2006,TRUE,FALSE,81
388,Sawl,22/09/2022,916.6506,Owned,94,"$8,940,770.22",2011,TRUE,TRUE,98
209,Tante,27/03/2022,2199.806,Owned,80,"$8,714,059.03",1994,FALSE,TRUE,101
181,Niccolls,12/12/2022,266.7638,Owned,99,"$7,887,644.51",1976,FALSE,FALSE,74
276,Whisson,7/08/2022,2446.5137,Leased,26,"$5,290,306.68",2000,FALSE,TRUE,88
440,Faughny,4/10/2022,1015.6445,Leased,39,"$1,714,901.92",2006,TRUE,FALSE,98
948,Bawle,30/10/2022,418.6257,Leased,84,"$1,460,779.53",2003,FALSE,TRUE,92
29,Hearl,31/03/2022,2148.5936,Owned,54,"$8,231,165.01",1987,TRUE,TRUE,94
777,Eskriett,18/05/2022,931.3958,Owned,47,"$9,342,372.10",1993,FALSE,FALSE,78
73,Woodfin,23/06/2022,2828.5802,Leased,98,"$6,527,160.30",1997,TRUE,FALSE,115
692,Mannock,1/02/2022,881.4295,Leased,59,"$8,037,964.97",2005,FALSE,FALSE,84
268,Morena,24/02/2022,1128.3829,Owned,7,"$7,610,185.32",2004,FALSE,FALSE,73
934,Corbyn,29/07/2022,29.0972,Owned,100,"$6,307,544.04",1997,FALSE,FALSE,81
951,Kensit,3/12/2022,1498.0992,Leased,90,"$7,640,186.12",2000,TRUE,FALSE,90
228,Pepperd,14/12/2022,907.4473,Owned,10,"$3,838,303.12",1994,TRUE,TRUE,87
267,Guerre,19/03/2022,1221.5429,Leased,94,"$6,515,540.47",2012,TRUE,TRUE,93
957,Cowitz,5/02/2022,1777.4956,Owned,71,"$8,680,214.13",1999,TRUE,TRUE,81
744,Wanderschek,25/05/2022,2193.3683,Leased,76,"$3,284,024.79",2000,FALSE,FALSE,86
655,Sherington,4/07/2022,604.1842,Owned,37,"$7,528,547.01",1999,TRUE,TRUE,95
162,Blackaller,10/05/2022,2980.2786,Owned,10,"$4,676,293.78",2010,FALSE,FALSE,87
554,Trinke,25/09/2022,1520.3687,Leased,45,"$6,840,610.04",1994,FALSE,TRUE,90
927,Acott,12/06/2022,599.3118,Leased,72,"$9,179,494.61",2000,TRUE,TRUE,86
783,Scurry,20/11/2022,2729.3406,Owned,45,"$4,470,667.58",2007,FALSE,TRUE,64
801,Evenden,25/03/2022,2301.1376,Owned,16,"$4,506,825.89",1978,TRUE,FALSE,95
278,Dunkerley,27/10/2022,1092.5102,Owned,59,"$9,174,832.42",2010,FALSE,TRUE,86
383,Richen,23/05/2022,2351.1393,Leased,50,"$6,602,016.41",1985,FALSE,TRUE,80
721,Willeson,8/07/2022,582.4593,Leased,89,"$7,457,041.28",1996,FALSE,TRUE,104
365,Burdin,25/12/2021,643.8444,Leased,59,"$3,279,916.29",2004,TRUE,TRUE,85
843,Arthurs,17/10/2022,2462.6268,Owned,36,"$3,657,680.87",2002,TRUE,FALSE,98
900,McDade,30/05/2022,1759.7223,Owned,6,"$9,001,574.91",2008,TRUE,TRUE,113
894,Pizzie,26/02/2022,1412.6989,Leased,15,"$3,838,596.88",1987,TRUE,FALSE,101
413,Richen,4/11/2022,2514.4961,Owned,90,"$309,641.99",2010,FALSE,FALSE,86
240,Helin,16/09/2022,2419.8557,Owned,28,"$5,536,570.84",1993,FALSE,FALSE,96
847,Eastup,4/12/2022,542.2947,Owned,27,"$3,493,707.49",2001,FALSE,FALSE,73
853,Drache,11/03/2022,1307.8358,Leased,82,"$8,395,125.40",2004,TRUE,FALSE,91
19,Sybbe,10/10/2022,2867.642,Owned,67,"$4,233,437.53",2011,FALSE,FALSE,115
63,Leopard,30/01/2022,1443.0704,Owned,82,"$8,673,306.75",2005,TRUE,FALSE,92
538,Devita,24/04/2022,2487.9553,Leased,76,"$2,950,877.70",2010,FALSE,FALSE,87
678,Vinau,21/10/2022,2658.5096,Leased,9,"$9,578,500.53",2004,TRUE,FALSE,92
305,Wedlake,21/07/2022,1764.954,Owned,77,"$5,928,570.85",2010,FALSE,TRUE,78
566,Hodgets,16/05/2022,1358.1972,Owned,38,"$6,416,501.44",1997,FALSE,FALSE,84
739,Millson,8/03/2022,1625.4157,Owned,7,"$3,216,673.65",2011,FALSE,FALSE,97
369,Bulward,15/11/2022,2556.7332,Leased,31,"$2,105,012.09",2007,TRUE,TRUE,112
341,Langabeer,27/01/2022,1743.0293,Leased,18,"$9,200,390.62",2007,FALSE,FALSE,94
963,Sorro,6/08/2022,2217.9646,Leased,9,"$4,050,437.43",1992,FALSE,TRUE,101
966,Eytel,27/01/2022,2392.1859,Owned,89,"$9,420,012.31",1990,FALSE,FALSE,90
50,Astle,5/10/2022,906.4152,Owned,54,"$2,342,901.71",2008,TRUE,FALSE,81
403,Spearman,7/06/2022,510.4324,Owned,57,"$1,717,479.16",1992,FALSE,FALSE,83
146,Paylor,18/05/2022,2907.357,Leased,6,"$4,748,535.49",2000,FALSE,FALSE,90
452,Franiak,12/05/2022,2698.4509,Leased,95,"$9,734,119.62",2002,FALSE,TRUE,93
294,Fanti,27/04/2022,34.252,Leased,41,"$1,785,369.32",2007,TRUE,FALSE,103
303,Kennerley,12/08/2022,1991.1632,Leased,21,"$9,597,625.71",2010,FALSE,TRUE,92
387,Grunnell,31/03/2022,2032.6394,Leased,96,"$992,246.96",2012,FALSE,TRUE,101
648,Gilchrist,20/04/2022,1269.4342,Owned,84,"$3,647,091.65",1996,FALSE,TRUE,89
23,Cristoforetti,26/05/2022,1896.0627,Owned,11,"$8,347,946.01",2012,FALSE,TRUE,106
657,Hazeup,25/12/2021,2518.6183,Leased,53,"$8,818,605.31",2010,TRUE,FALSE,78
699,Shotboulte,6/05/2022,1541.4446,Leased,38,"$3,520,323.68",1994,FALSE,FALSE,95
85,Hefforde,23/03/2022,1475.0451,Owned,68,"$2,828,089.25",2006,FALSE,TRUE,93
394,Reding,21/10/2022,759.429,Owned,12,"$5,885,098.60",2009,FALSE,FALSE,109
234,Fruchon,30/12/2021,1201.2399,Leased,65,"$901,295.30",1970,FALSE,TRUE,103
830,Baynham,15/09/2022,1783.2385,Leased,20,"$9,643,505.56",2008,FALSE,FALSE,78
103,Rude,6/11/2022,385.1114,Owned,40,"$327,230.63",2008,TRUE,FALSE,103
187,Bercevelo,10/07/2022,746.8584,Leased,30,"$2,858,829.83",2009,FALSE,FALSE,94
40,Torregiani,29/06/2022,108.5597,Owned,17,"$6,795,135.74",2000,FALSE,FALSE,85
375,Amburgy,22/10/2022,1967.0069,Owned,60,"$6,234,446.38",2000,TRUE,FALSE,92
286,Incogna,28/02/2022,111.6057,Owned,30,"$3,844,812.13",2005,FALSE,TRUE,90
935,Heskin,8/12/2022,1540.9102,Leased,59,"$1,174,227.28",1998,TRUE,TRUE,98
883,Hamby,22/11/2022,2434.3588,Owned,15,"$7,371,316.20",2012,FALSE,FALSE,91
270,Kochl,26/07/2022,901.6466,Owned,74,"$4,740,049.61",2000,FALSE,TRUE,101
762,Chesser,9/04/2022,1691.3143,Owned,33,"$9,791,730.44",2008,TRUE,FALSE,110
659,Fehners,14/07/2022,1355.6962,Leased,42,"$3,823,506.92",2010,FALSE,TRUE,89
398,Grishunin,12/04/2022,1829.4352,Owned,13,"$8,650,245.43",2011,FALSE,TRUE,97
789,Gullane,31/07/2022,2023.392,Owned,63,"$693,045.25",2006,TRUE,TRUE,88
524,Bundock,30/01/2022,677.2577,Owned,61,"$3,772,505.08",2011,TRUE,FALSE,88
838,Taffurelli,16/03/2022,1008.3935,Leased,62,"$6,490,636.46",1996,TRUE,TRUE,80
821,Downse,10/01/2022,2445.2523,Leased,1,"$3,916,827.05",1999,TRUE,FALSE,81
916,Felix,16/01/2022,2103.318,Owned,80,"$4,843,726.57",1996,TRUE,TRUE,85
778,Sempill,20/11/2022,1441.8786,Owned,61,"$3,114,441.09",1989,FALSE,FALSE,92
371,Asson,6/01/2022,2024.8339,Owned,21,"$4,398,488.20",1998,TRUE,FALSE,85
487,Corn,27/02/2022,2443.4257,Leased,46,"$407,577.88",2001,FALSE,TRUE,79
423,Mortell,29/05/2022,2956.7541,Owned,52,"$8,952,516.04",1994,FALSE,FALSE,114
768,Coniam,19/01/2022,79.8817,Leased,83,"$3,977,716.86",2009,FALSE,TRUE,90
511,Shewsmith,2/03/2022,2268.4819,Owned,43,"$3,831,718.77",1994,FALSE,FALSE,89
802,Robert,3/07/2022,357.836,Leased,100,"$5,773,163.06",2000,TRUE,TRUE,79
857,Gjerde,28/07/2022,1875.0135,Leased,85,"$675,032.84",1998,TRUE,FALSE,103
518,Petrolli,18/11/2022,320.9229,Leased,62,"$8,029,465.63",2000,FALSE,TRUE,96
787,Patel,26/12/2021,2787.9526,Leased,57,"$8,032,443.94",2006,FALSE,TRUE,86
971,Marde,3/10/2022,1947.142,Owned,31,"$9,321,506.88",2006,TRUE,FALSE,116
565,Toppin,29/11/2022,2154.8195,Owned,52,"$5,982,763.39",2009,TRUE,TRUE,76
558,McGlaughn,25/10/2022,1099.3625,Leased,19,"$9,337,425.90",2002,FALSE,FALSE,92
228,Bonham,8/04/2022,787.9979,Owned,51,"$8,642,554.36",1989,TRUE,FALSE,88
631,Ducket,10/04/2022,1866.2585,Owned,93,"$6,839,287.17",2010,FALSE,FALSE,95
755,Trounson,5/11/2022,655.8131,Leased,44,"$8,503,303.58",1990,TRUE,TRUE,95
618,Bromont,28/01/2022,1380.8101,Leased,47,"$8,813,976.62",2007,FALSE,FALSE,91
208,Stoneham,20/07/2022,780.0293,Owned,59,"$1,022,982.11",2010,FALSE,FALSE,93
376,Ruckledge,8/11/2022,130.1905,Leased,47,"$549,941.57",2005,TRUE,FALSE,84
290,Bonnier,7/04/2022,1926.9093,Owned,11,"$4,039,357.79",1992,FALSE,TRUE,96
860,Mathieson,17/02/2022,788.7751,Owned,60,"$1,205,334.16",1990,TRUE,FALSE,85
806,Havelin,15/06/2022,710.8492,Owned,9,"$6,490,752.52",1997,FALSE,TRUE,85
111,Hyde-Chambers,17/09/2022,1516.1938,Owned,17,"$6,526,266.65",1999,TRUE,TRUE,95
616,Ravillas,20/11/2022,40.3525,Leased,11,"$6,835,862.08",2007,TRUE,FALSE,98
25,Bath,23/11/2022,1973.6555,Owned,9,"$9,865,715.08",2011,FALSE,TRUE,69
675,Bucklan,23/04/2022,468.0403,Owned,4,"$4,607,709.77",1986,FALSE,TRUE,100
518,Starmore,4/03/2022,361.9763,Leased,36,"$1,133,635.14",1992,FALSE,FALSE,98
110,Roostan,20/02/2022,1089.3134,Leased,33,"$4,729,929.91",2001,TRUE,FALSE,92
813,McIlriach,1/10/2022,550.6741,Owned,80,"$6,289,433.02",1967,FALSE,TRUE,93
680,Fossey,10/08/2022,2414.8993,Owned,29,"$7,777,879.32",1996,TRUE,FALSE,92
372,Heighway,5/12/2022,1452.1643,Owned,22,"$7,866,809.98",2011,FALSE,FALSE,96
529,Biggam,24/02/2022,2010.0817,Leased,89,"$8,526,287.10",2003,FALSE,FALSE,84
731,Patman,21/05/2022,2621.0978,Owned,77,"$6,307,457.08",1964,FALSE,TRUE,93
303,Ludvigsen,22/08/2022,1309.2481,Leased,8,"$3,183,964.23",1990,FALSE,FALSE,105
544,Calbaithe,13/06/2022,1443.3759,Owned,75,"$4,928,148.71",1997,FALSE,FALSE,85
733,Millins,17/11/2022,1251.883,Leased,9,"$156,729.92",2006,TRUE,TRUE,97
774,Cuskery,8/01/2022,2971.3889,Leased,9,"$8,885,682.94",2006,FALSE,TRUE,82
748,Meakes,14/01/2022,1682.5498,Leased,42,"$2,546,043.97",1994,FALSE,FALSE,80
686,Crutchfield,13/04/2022,1984.9904,Leased,98,"$2,798,513.18",2005,FALSE,TRUE,90
588,Pearsey,12/11/2022,964.926,Owned,73,"$7,474,075.50",1993,FALSE,FALSE,87
456,Gilmartin,13/10/2022,25.1619,Owned,97,"$4,582,969.30",1989,FALSE,TRUE,85
523,Giacomi,10/02/2022,441.6297,Leased,11,"$5,247,483.32",2007,FALSE,FALSE,95
196,Matussov,30/06/2022,2282.133,Owned,54,"$1,190,586.34",2007,FALSE,TRUE,90
724,Dri,14/02/2022,602.3557,Leased,25,"$3,954,880.45",1999,FALSE,TRUE,97
634,Higginbottam,18/06/2022,292.9503,Leased,56,"$1,983,329.84",2012,TRUE,TRUE,68
130,Lawrie,2/07/2022,249.1103,Owned,70,"$7,730,376.52",2005,FALSE,FALSE,75
614,Fearick,13/03/2022,2232.598,Leased,27,"$1,788,942.05",2011,FALSE,TRUE,91
951,Burchnall,17/01/2022,1778.5544,Owned,69,"$6,273,894.87",2012,FALSE,TRUE,104
790,Braam,19/06/2022,2425.5555,Leased,49,"$8,044,365.29",2009,TRUE,FALSE,90
887,Clineck,13/07/2022,1847.7245,Leased,57,"$6,180,244.08",2011,FALSE,FALSE,89
270,Millett,26/05/2022,2558.5235,Leased,95,"$5,552,621.80",2004,TRUE,TRUE,94
162,O'Fogarty,21/06/2022,2104.0812,Owned,84,"$1,635,175.55",2005,FALSE,FALSE,97
128,Garnham,14/05/2022,1924.6193,Leased,67,"$534,537.18",1996,FALSE,TRUE,78
305,Itzchaky,26/02/2022,758.2109,Owned,77,"$5,064,154.72",2001,TRUE,TRUE,101
571,Rassmann,29/11/2022,1139.245,Owned,34,"$8,729,014.93",2011,TRUE,FALSE,90
550,Lepoidevin,23/11/2022,1018.7637,Owned,45,"$7,415,537.13",1996,TRUE,FALSE,94
793,Chartre,17/12/2022,2922.9758,Leased,90,"$5,260,871.75",2011,TRUE,FALSE,78
152,Ledeker,27/11/2022,1618.1507,Leased,42,"$7,597,319.44",2008,FALSE,TRUE,78
68,Reicharz,29/10/2022,1992.1097,Leased,85,"$1,322,805.45",2009,FALSE,FALSE,107
380,Honacker,15/11/2022,2531.6757,Owned,23,"$414,679.64",2007,FALSE,FALSE,99
349,Neale,2/03/2022,1339.6305,Leased,91,"$9,145,614.25",2007,FALSE,FALSE,97
735,Kleanthous,24/12/2021,2376.0189,Leased,89,"$9,983,367.18",2000,FALSE,TRUE,94
45,Pierson,24/10/2022,784.1697,Leased,46,"$674,934.21",1995,FALSE,FALSE,86
506,Pymm,17/12/2022,525.483,Owned,41,"$802,958.92",2009,FALSE,FALSE,76
513,Kneesha,23/10/2022,2803.4741,Owned,28,"$8,282,847.21",2002,FALSE,FALSE,90
558,Liversage,20/10/2022,88.8262,Owned,86,"$1,091,910.91",1992,FALSE,FALSE,89
824,Vallance,16/04/2022,2582.3462,Leased,12,"$8,410,357.37",1999,FALSE,FALSE,90
757,Redd,12/01/2022,246.2216,Owned,34,"$9,120,668.38",2001,TRUE,TRUE,92
563,Malan,10/08/2022,959.533,Owned,25,"$4,362,607.18",2004,FALSE,TRUE,98
662,Clacey,20/12/2021,2587.8877,Owned,3,"$9,054,807.93",1993,FALSE,FALSE,99
979,Corteis,8/02/2022,2418.1347,Leased,32,"$6,293,327.32",1993,TRUE,TRUE,90
324,Dorot,17/10/2022,136.2754,Leased,34,"$5,723,162.01",2006,TRUE,TRUE,88
266,Coupar,20/12/2021,215.2166,Leased,100,"$1,472,795.00",1993,FALSE,TRUE,96
126,Feldhuhn,10/01/2022,2592.9058,Owned,53,"$131,935.95",2006,FALSE,TRUE,79
284,Raymont,3/01/2022,2094.3208,Leased,85,"$4,958,950.70",1993,TRUE,FALSE,96
994,Earland,13/05/2022,1203.6023,Owned,59,"$5,588,725.06",2005,TRUE,TRUE,90
383,Tapscott,15/09/2022,269.3854,Leased,26,"$4,300,656.94",1989,FALSE,TRUE,95
502,Eisig,23/09/2022,2284.9452,Leased,13,"$2,695,024.54",1989,TRUE,TRUE,86
312,McFetrich,8/07/2022,1308.753,Leased,67,"$366,225.29",2009,FALSE,TRUE,99
439,Unsworth,10/10/2022,1454.0326,Leased,50,"$4,759,620.74",1998,TRUE,FALSE,83
756,Abramino,4/03/2022,2525.3344,Leased,96,"$5,757,287.56",2011,TRUE,FALSE,81
483,Kingsley,3/07/2022,2208.1568,Owned,7,"$5,139,297.45",1972,FALSE,FALSE,88
24,Jane,15/04/2022,2853.7256,Owned,11,"$1,011,626.87",1999,TRUE,FALSE,85
315,Middle,21/03/2022,2498.0306,Owned,89,"$3,932,289.47",1992,TRUE,TRUE,116
16,Brothwood,4/05/2022,2157.4505,Owned,4,"$4,168,445.25",2011,FALSE,FALSE,82
739,Dominico,5/09/2022,2226.0806,Leased,53,"$4,996,078.09",2002,FALSE,FALSE,81
130,Troke,14/09/2022,1469.9643,Leased,18,"$3,381,875.27",2012,FALSE,TRUE,106
444,Baggiani,9/01/2022,1770.6874,Leased,42,"$2,946,565.27",2003,FALSE,TRUE,110
581,McClenan,22/03/2022,2508.8465,Leased,58,"$4,591,334.03",2004,FALSE,FALSE,72
634,Embery,19/11/2022,887.5938,Leased,89,"$2,808,507.56",2009,TRUE,TRUE,81
935,Arsnell,20/05/2022,591.4286,Leased,67,"$1,764,662.91",1999,FALSE,TRUE,93
601,Shellum,22/12/2021,150.3541,Leased,30,"$6,485,275.60",2012,TRUE,TRUE,78
671,Redmond,19/02/2022,1137.8799,Leased,18,"$7,802,232.88",1993,TRUE,TRUE,89
993,Studholme,4/06/2022,1040.7714,Owned,36,"$2,138,147.19",2000,FALSE,FALSE,91
446,Pele,6/09/2022,2896.1793,Owned,56,"$9,541,653.03",1997,TRUE,TRUE,82
812,Gerram,5/08/2022,200.1709,Owned,62,"$9,249,586.36",1996,TRUE,FALSE,87
452,Hurdedge,16/11/2022,897.7674,Leased,62,"$9,751,263.21",2001,FALSE,FALSE,98
588,Ovize,11/05/2022,671.9658,Leased,22,"$5,990,384.10",1990,FALSE,FALSE,97
573,Bushnell,7/11/2022,2414.2071,Owned,66,"$9,627,650.01",2012,FALSE,TRUE,80
889,Presho,27/05/2022,292.9632,Leased,5,"$8,765,125.11",2005,TRUE,TRUE,91
596,Hounihan,2/01/2022,744.19,Owned,79,"$2,549,508.19",1999,TRUE,TRUE,97
517,Gatteridge,28/09/2022,350.0774,Owned,91,"$4,745,297.91",2006,TRUE,FALSE,86
625,Norcott,9/03/2022,936.7131,Leased,82,"$3,269,108.25",2006,FALSE,TRUE,88
128,Doerr,6/01/2022,2009.0428,Leased,74,"$9,875,475.40",2004,TRUE,TRUE,94
380,Ollerton,18/05/2022,2972.4141,Owned,88,"$2,139,859.70",1993,TRUE,FALSE,99
928,Cannaway,5/05/2022,2728.647,Leased,6,"$7,236,410.71",2008,FALSE,TRUE,92
366,Scutter,1/04/2022,1815.282,Owned,29,"$7,624,542.77",2000,FALSE,FALSE,87
204,Doughtery,12/06/2022,1327.9233,Leased,86,"$1,465,981.61",2008,TRUE,FALSE,97
681,Coventry,2/01/2022,46.6378,Leased,46,"$4,213,971.67",2006,FALSE,FALSE,80
813,Miguet,2/01/2022,1668.9356,Owned,60,"$1,628,246.09",2010,FALSE,FALSE,79
894,Bette,20/09/2022,2240.0672,Owned,67,"$827,840.73",2003,FALSE,TRUE,95
505,Paulton,24/07/2022,398.0095,Owned,70,"$9,856,432.30",1991,TRUE,FALSE,88
127,Liles,16/07/2022,2205.6724,Owned,61,"$8,002,047.06",2008,TRUE,TRUE,90
291,Peinke,4/12/2022,2611.2756,Leased,37,"$2,076,111.63",1992,TRUE,TRUE,103
224,Abramov,1/03/2022,2093.1456,Owned,41,"$5,222,812.43",2009,FALSE,FALSE,93
757,Armour,25/05/2022,898.8424,Leased,95,"$716,749.00",1992,FALSE,TRUE,82
743,MacCurlye,5/11/2022,2092.4663,Owned,40,"$7,531,593.60",1994,TRUE,FALSE,82
642,Cragoe,12/11/2022,2950.6109,Owned,18,"$8,656,436.59",2006,TRUE,FALSE,103
561,Deans,24/04/2022,1234.7825,Owned,76,"$8,621,382.70",2002,TRUE,FALSE,92
197,Mansour,16/06/2022,1147.3019,Owned,33,"$2,465,359.22",1985,FALSE,TRUE,89
781,Waszkiewicz,1/09/2022,2174.2363,Owned,21,"$3,626,164.71",2012,FALSE,TRUE,83
986,Litchmore,30/08/2022,1982.0833,Leased,64,"$6,848,847.87",1995,TRUE,FALSE,73
849,Dyott,20/07/2022,751.5642,Leased,22,"$7,326,812.21",1998,FALSE,TRUE,99
821,Kock,2/02/2022,2227.1504,Owned,83,"$1,136,777.91",2010,TRUE,TRUE,80
678,Gatesman,29/08/2022,2037.0176,Leased,72,"$1,154,559.44",2008,TRUE,TRUE,104
193,Pochet,17/01/2022,2143.7398,Leased,12,"$6,093,381.32",1988,TRUE,FALSE,82
898,Genese,10/10/2022,2577.2703,Leased,11,"$5,793,149.88",2003,TRUE,TRUE,85
517,Peabody,2/02/2022,1569.5038,Leased,21,"$8,505,515.17",2002,FALSE,FALSE,77
867,Alekhov,18/04/2022,2497.6977,Owned,76,"$3,207,352.76",1989,TRUE,TRUE,83
46,Richardsson,2/01/2022,1695.9278,Leased,4,"$6,663,887.53",2012,TRUE,TRUE,82
422,Aldritt,3/03/2022,917.345,Owned,14,"$4,380,442.92",1991,TRUE,TRUE,90
16,Stitwell,28/06/2022,2026.2376,Owned,8,"$5,129,784.98",2008,TRUE,TRUE,103
124,Mordey,12/04/2022,1560.1678,Leased,72,"$4,484,470.34",1996,TRUE,FALSE,104
444,Dumbare,29/07/2022,2810.346,Owned,95,"$9,309,042.51",2006,TRUE,FALSE,91
179,Crickmer,15/04/2022,1616.0002,Leased,84,"$5,169,017.37",1989,FALSE,FALSE,88
729,Durdan,27/02/2022,674.7043,Leased,99,"$7,111,621.78",2010,TRUE,TRUE,87
416,Pooley,4/12/2022,2418.0503,Leased,9,"$5,823,182.50",1972,TRUE,FALSE,92
956,Chree,12/06/2022,791.8229,Leased,54,"$9,923,534.05",1994,FALSE,FALSE,94
457,Shugg,17/01/2022,114.6618,Owned,42,"$1,451,236.09",2009,FALSE,TRUE,95
731,Wykes,3/02/2022,1789.7048,Leased,68,"$8,751,503.72",2002,FALSE,TRUE,89
181,Simison,2/10/2022,1706.3855,Leased,61,"$9,858,317.34",1999,TRUE,TRUE,85
916,Petran,27/01/2022,988.5342,Owned,19,"$8,854,448.23",2006,FALSE,FALSE,114
574,Linzey,3/11/2022,349.6009,Owned,11,"$7,165,393.12",2005,TRUE,FALSE,80
78,Jarritt,9/04/2022,1615.6369,Leased,69,"$2,639,386.91",1987,FALSE,FALSE,85
490,Sauvain,13/03/2022,692.1635,Owned,10,"$7,299,629.85",2005,TRUE,FALSE,94
55,Allone,3/02/2022,2219.9243,Owned,58,"$4,442,220.78",1992,FALSE,FALSE,80
87,Klimpt,13/08/2022,951.7596,Owned,35,"$4,889,297.62",1999,TRUE,FALSE,97
660,Furney,26/01/2022,1658.2743,Owned,51,"$6,990,463.02",1995,FALSE,FALSE,94
733,Ellerbeck,21/09/2022,143.866,Owned,69,"$6,026,829.26",1989,FALSE,FALSE,94
13,Ferneley,10/09/2022,2205.7231,Leased,23,"$7,479,348.24",2003,TRUE,FALSE,89
1,Lamplugh,2/08/2022,2998.9479,Leased,12,"$2,846,397.69",2012,TRUE,TRUE,78
774,Gruby,17/08/2022,1109.5196,Leased,83,"$5,776,138.42",2012,FALSE,FALSE,86
506,MacCurtain,11/11/2022,2805.3683,Leased,5,"$4,450,513.73",1993,FALSE,TRUE,89
297,Messager,28/01/2022,1604.178,Owned,64,"$5,626,425.34",2013,TRUE,TRUE,92
556,Sprosson,16/02/2022,1349.0816,Leased,40,"$3,886,103.34",1994,FALSE,FALSE,91
598,Corradino,29/03/2022,1421.3525,Leased,17,"$3,005,116.02",2002,TRUE,TRUE,81
733,Hook,27/10/2022,257.9053,Leased,80,"$1,518,986.24",1986,TRUE,TRUE,83
410,Timmons,23/01/2022,2932.0111,Owned,11,"$1,983,922.41",1992,FALSE,TRUE,94
642,Stebbing,17/09/2022,467.274,Owned,67,"$1,447,735.47",1990,FALSE,TRUE,95
657,Scard,26/06/2022,208.3912,Leased,17,"$8,563,699.21",1987,FALSE,FALSE,67
984,Eseler,4/08/2022,141.6759,Leased,62,"$1,567,364.81",2004,FALSE,FALSE,77
540,Orteau,12/08/2022,2099.5472,Owned,96,"$1,398,170.48",2011,FALSE,FALSE,89
332,Touret,17/03/2022,549.8912,Leased,1,"$6,744,473.45",2004,FALSE,FALSE,101
994,Placide,21/11/2022,134.4923,Owned,41,"$5,352,044.22",2000,TRUE,FALSE,91
894,Willans,31/03/2022,1467.218,Owned,54,"$1,409,580.77",2006,FALSE,TRUE,95
982,Ragles,10/03/2022,717.9311,Leased,5,"$5,117,759.94",2011,TRUE,TRUE,110
334,Schout,15/10/2022,692.537,Leased,21,"$3,619,663.06",2008,FALSE,TRUE,92
737,Stillwell,13/02/2022,13.5494,Owned,37,"$4,002,594.15",1995,TRUE,TRUE,94
383,Yeskov,2/09/2022,1172.1125,Leased,91,"$6,759,024.03",2005,FALSE,TRUE,99
582,Treat,23/02/2022,1245.1725,Owned,13,"$1,209,023.91",1997,FALSE,TRUE,86
730,Vanezis,21/09/2022,2589.0163,Owned,49,"$1,595,156.55",2005,TRUE,FALSE,99
799,Dallan,25/03/2022,1783.4679,Leased,92,"$8,959,307.54",1998,TRUE,FALSE,82
490,Clow,31/03/2022,1536.5013,Owned,2,"$32,778.91",2011,TRUE,FALSE,99
927,Cowdrey,19/06/2022,1326.3368,Owned,9,"$2,429,593.63",1989,TRUE,TRUE,90
445,Arkle,13/06/2022,1805.7534,Leased,96,"$2,939,154.09",1990,FALSE,FALSE,88
763,Rutland,2/05/2022,992.7724,Leased,80,"$3,791,031.95",1986,TRUE,FALSE,81
197,Boskell,4/04/2022,2.6714,Leased,28,"$2,127,003.01",2002,FALSE,FALSE,85
560,Kneebone,13/10/2022,1172.3915,Owned,36,"$2,841,512.20",2005,FALSE,FALSE,87
502,Cottom,14/07/2022,2734.3511,Owned,80,"$6,243,152.52",2005,FALSE,TRUE,93
325,Mortlock,29/01/2022,313.5853,Owned,40,"$5,469,604.73",2012,FALSE,TRUE,96
723,Slimon,9/09/2022,1470.2424,Leased,50,"$2,516,850.58",2007,TRUE,TRUE,100
792,Fitzpayn,7/03/2022,2423.6736,Owned,22,"$7,174,541.01",2007,TRUE,FALSE,95
158,Jzhakov,28/06/2022,1172.6706,Leased,33,"$8,500,088.49",2006,TRUE,TRUE,101
20,Wathall,10/12/2022,533.5719,Leased,26,"$3,455,125.95",2003,TRUE,TRUE,90
887,Lipscombe,22/11/2022,1777.5261,Leased,30,"$8,481,755.39",1994,TRUE,TRUE,86
332,Key,2/07/2022,193.3121,Owned,56,"$9,931,834.75",2009,FALSE,TRUE,89
229,Seabrook,13/07/2022,626.14,Owned,47,"$6,652,847.13",1987,FALSE,TRUE,84
182,De Roeck,18/08/2022,2648.8897,Leased,33,"$764,832.24",1986,FALSE,TRUE,95
649,McPhillimey,30/09/2022,383.4666,Owned,49,"$7,119,107.74",2000,TRUE,FALSE,88
278,Pattesall,20/07/2022,2241.4615,Leased,35,"$5,509,207.86",1988,TRUE,FALSE,106
771,Garrould,23/05/2022,1891.8446,Leased,42,"$8,570,811.88",2006,TRUE,FALSE,91
905,Portch,6/02/2022,2411.8516,Owned,70,"$4,489,438.36",2013,FALSE,TRUE,85
58,Chetter,19/03/2022,1385.616,Owned,72,"$2,507,824.80",1997,TRUE,TRUE,89
878,Pettinger,14/07/2022,2593.9848,Owned,37,"$3,389,783.86",1988,FALSE,TRUE,97
940,Bigg,19/05/2022,2649.6951,Leased,19,"$4,116,033.53",1992,TRUE,TRUE,85
118,Surgener,28/04/2022,2282.7074,Leased,67,"$3,856,068.29",1993,FALSE,TRUE,89
900,Van de Velde,27/11/2022,1630.9704,Leased,42,"$3,636,528.30",1994,TRUE,FALSE,95
956,Kornacki,30/12/2021,2310.567,Owned,94,"$5,586,245.97",1993,TRUE,TRUE,88
909,Pounder,17/08/2022,1612.5629,Leased,88,"$494,036.02",2002,TRUE,TRUE,67
567,Kahler,24/02/2022,1961.2145,Leased,74,"$312,244.82",2004,FALSE,FALSE,80
188,Corssen,13/05/2022,418.8794,Leased,71,"$432,712.70",2006,TRUE,FALSE,80
910,Chaise,6/12/2022,990.2044,Leased,53,"$2,653,331.61",1996,FALSE,TRUE,85
899,Hearse,26/05/2022,1299.0607,Leased,36,"$1,796,987.08",2004,FALSE,TRUE,81
93,Cristofvao,18/12/2022,1792.7553,Owned,98,"$5,434,411.71",2004,TRUE,TRUE,83
977,Pleass,3/05/2022,1401.1797,Leased,57,"$4,970,222.08",2010,TRUE,TRUE,84
693,Lawry,21/04/2022,2371.9539,Leased,4,"$6,487,945.21",1991,TRUE,TRUE,91
598,Sleet,26/08/2022,2894.702,Leased,79,"$9,798,329.48",2004,FALSE,FALSE,90
81,Ingliby,11/12/2022,1760.7308,Owned,65,"$8,320,558.96",2000,FALSE,TRUE,95
897,Grimbleby,8/01/2022,2664.7343,Leased,90,"$7,914,541.07",2009,TRUE,FALSE,90
987,Waldren,22/10/2022,1903.7554,Leased,62,"$8,881,566.42",1988,FALSE,FALSE,96
609,Kiehl,24/06/2022,1626.4733,Owned,99,"$8,655,221.64",1993,TRUE,FALSE,74
215,Stanwix,21/04/2022,2388.1003,Leased,63,"$8,411,521.76",2000,FALSE,TRUE,80
497,Brecher,5/09/2022,1523.6459,Owned,35,"$5,602,137.80",2009,FALSE,TRUE,82
255,Botterman,26/10/2022,1190.4217,Leased,15,"$5,281,613.50",2011,FALSE,FALSE,81
490,Canet,10/07/2022,1966.523,Leased,33,"$8,723,065.50",2005,FALSE,FALSE,88
880,Bowra,25/02/2022,2625.1537,Owned,2,"$5,780,687.97",1983,TRUE,FALSE,94
192,Keetley,12/03/2022,1335.6483,Owned,87,"$4,937,798.90",1993,TRUE,FALSE,93
637,Amort,28/05/2022,2271.5934,Leased,3,"$9,257,014.50",2002,FALSE,FALSE,103
88,De Antoni,25/01/2022,421.8633,Owned,33,"$5,688,597.07",1993,FALSE,TRUE,87
835,Wanley,2/02/2022,2642.5122,Leased,100,"$1,063,835.74",1995,TRUE,TRUE,87
520,Yeeles,13/07/2022,1221.9318,Owned,78,"$9,209,054.75",2006,TRUE,FALSE,93
610,O'Dee,25/03/2022,373.2266,Owned,95,"$2,834,054.86",2001,TRUE,FALSE,85
992,MacAloren,9/08/2022,2365.2152,Owned,61,"$4,724,647.67",1994,TRUE,TRUE,89
239,Tarbin,24/06/2022,2218.2689,Leased,46,"$872,035.56",1988,FALSE,TRUE,104
963,Gonsalvo,27/08/2022,2479.1891,Leased,5,"$8,278,805.54",1997,FALSE,TRUE,85
984,Hugett,5/08/2022,1350.0742,Owned,35,"$2,676,228.65",1997,FALSE,FALSE,96
503,Tennant,23/03/2022,1703.0921,Leased,5,"$6,529,833.36",2005,TRUE,FALSE,95
663,Lorenc,12/12/2022,2469.1451,Owned,43,"$6,780,719.52",2008,FALSE,FALSE,105
576,Ferries,21/01/2022,1688.4048,Leased,35,"$5,646,247.84",2011,FALSE,TRUE,85
532,Finch,7/04/2022,2240.6013,Owned,47,"$5,014,290.02",2003,TRUE,TRUE,90
676,Scardefield,7/05/2022,1946.118,Owned,1,"$818,076.55",2002,FALSE,FALSE,101
255,Barhams,14/09/2022,2274.5276,Leased,66,"$6,449,790.88",2004,TRUE,FALSE,100
392,Duffit,6/03/2022,1243.8127,Owned,94,"$6,917,547.36",2007,FALSE,TRUE,88
286,Storr,1/05/2022,577.0369,Owned,37,"$8,530,975.10",2006,FALSE,TRUE,93
355,Puddefoot,12/07/2022,1145.1856,Leased,31,"$7,059,895.62",1960,FALSE,FALSE,95
466,Bockett,14/08/2022,1394.3385,Owned,65,"$7,253,029.83",2008,FALSE,TRUE,94
618,Van Ross,21/11/2022,1502.9619,Leased,26,"$6,641,179.31",2008,TRUE,TRUE,97
558,Stonhouse,24/02/2022,127.0135,Leased,84,"$7,384,011.36",2001,FALSE,TRUE,86
986,Meo,19/07/2022,990.9745,Owned,69,"$6,378,955.70",1993,TRUE,FALSE,89
463,Coucher,7/04/2022,1608.6817,Owned,42,"$7,169,840.57",2009,FALSE,FALSE,76
422,Cowley,23/05/2022,2430.0529,Leased,85,"$739,436.05",1988,FALSE,FALSE,81
648,Normansell,19/12/2022,478.3818,Leased,27,"$5,995,606.77",2007,TRUE,FALSE,97
171,Ions,15/10/2022,1373.1347,Owned,19,"$5,765,714.20",2011,FALSE,TRUE,99
840,Lezemore,22/12/2021,631.4654,Leased,53,"$7,234,828.55",2000,TRUE,FALSE,85
183,Charlwood,27/01/2022,2385.297,Owned,51,"$7,436,629.99",2003,FALSE,TRUE,87
876,MacMeeking,10/11/2022,755.7635,Owned,87,"$3,874,574.26",1987,FALSE,FALSE,96
328,Aysik,28/03/2022,2355.1809,Owned,46,"$1,615,362.41",2003,TRUE,TRUE,82
562,Keri,25/06/2022,283.9715,Owned,96,"$8,020,024.62",1995,TRUE,TRUE,84
585,Arney,14/07/2022,443.6949,Owned,83,"$2,069,071.79",2002,TRUE,FALSE,89
159,Ridsdole,6/10/2022,476.0846,Leased,88,"$4,644,202.56",2007,FALSE,TRUE,91
931,McCall,25/10/2022,674.9128,Owned,60,"$2,874,508.13",2008,TRUE,TRUE,94
47,Udale,16/01/2022,788.8102,Owned,19,"$1,783,293.92",1990,FALSE,TRUE,89
277,Whitbread,15/10/2022,92.7973,Owned,36,"$4,885,113.31",2012,FALSE,FALSE,76
732,Shotboult,21/07/2022,1960.7803,Leased,100,"$696,021.16",1991,TRUE,TRUE,81
136,Old,17/08/2022,236.9387,Leased,4,"$8,727,676.40",2001,FALSE,FALSE,93
90,Wiltshear,12/08/2022,834.4475,Owned,1,"$217,822.42",1992,TRUE,TRUE,81
810,Falcus,21/06/2022,1865.2526,Owned,82,"$7,810,425.76",2000,TRUE,TRUE,92
636,Yearnes,18/01/2022,585.6978,Owned,24,"$3,945,838.22",1993,FALSE,TRUE,101
796,Coil,14/02/2022,733.3041,Leased,46,"$9,832,708.29",1993,FALSE,FALSE,88
775,Marrington,1/07/2022,1594.5575,Owned,24,"$1,452,096.40",1997,TRUE,FALSE,106
664,MacFadzean,24/09/2022,2637.0254,Owned,93,"$9,144,989.33",1993,TRUE,FALSE,90
120,Whoolehan,7/08/2022,2515.3782,Owned,46,"$6,747,698.22",1998,TRUE,FALSE,87
132,Denerley,29/12/2021,1800.3374,Leased,95,"$9,420,329.83",1995,TRUE,TRUE,100
642,Grisard,13/07/2022,914.6871,Leased,94,"$8,828,265.29",2002,FALSE,FALSE,92
273,Bovaird,16/12/2022,1032.483,Leased,32,"$7,716,203.69",2003,FALSE,FALSE,80
383,Crowth,10/02/2022,1353.7273,Owned,58,"$2,878,904.05",2006,TRUE,FALSE,81
679,Tonkinson,13/03/2022,565.3157,Owned,99,"$1,484,194.61",1998,FALSE,TRUE,88
548,Pilch,27/03/2022,1965.5389,Owned,54,"$9,227,139.11",2011,FALSE,FALSE,85
83,Dumbare,24/03/2022,1290.4115,Leased,89,"$883,928.46",2001,TRUE,TRUE,92
370,Bonner,19/11/2022,2501.3335,Leased,87,"$9,938,383.24",1974,TRUE,FALSE,89
618,Baiss,16/11/2022,641.1585,Owned,94,"$6,267,876.05",1987,TRUE,FALSE,99
905,Etock,17/09/2022,2975.1469,Leased,23,"$7,629,989.13",1989,TRUE,TRUE,86
262,Boar,21/03/2022,332.1668,Leased,5,"$36,293.59",2000,TRUE,TRUE,76
289,Poynser,27/07/2022,1317.8995,Leased,96,"$5,100,805.31",2003,TRUE,FALSE,72
172,Torrance,22/11/2022,2960.4109,Leased,40,"$9,724,634.71",1994,TRUE,TRUE,71
360,Amery,23/08/2022,2516.9654,Owned,71,"$5,495,762.15",2002,FALSE,FALSE,80
230,Gaitskell,18/05/2022,186.0413,Owned,52,"$860,280.14",1987,FALSE,FALSE,82
265,Cromley,18/11/2022,661.7218,Leased,39,"$8,997,226.64",1985,FALSE,FALSE,80
478,Falshaw,9/09/2022,1689.3024,Owned,80,"$1,713,650.97",1988,FALSE,TRUE,93
2,Klaesson,30/08/2022,2138.9972,Leased,19,"$5,163,449.78",2006,TRUE,TRUE,95
934,Capel,29/04/2022,1386.8305,Leased,58,"$4,687,627.68",1992,TRUE,FALSE,95
530,Perview,9/08/2022,2718.1706,Owned,68,"$6,942,899.63",1992,FALSE,FALSE,93
232,Gorch,22/08/2022,68.197,Owned,12,"$6,695,277.46",2012,FALSE,TRUE,84
243,Zaczek,19/08/2022,189.5661,Owned,8,"$6,794,508.12",2012,FALSE,TRUE,95
236,Hathway,21/12/2021,823.945,Leased,80,"$7,406,210.71",2001,FALSE,TRUE,78
614,Brunsen,12/06/2022,1140.4649,Owned,72,"$4,538,894.31",1987,TRUE,FALSE,92
461,Boreland,25/04/2022,1851.2034,Leased,89,"$4,838,827.71",2003,FALSE,FALSE,81
787,McElory,25/03/2022,152.6378,Leased,50,"$1,646,951.50",2008,FALSE,TRUE,89
580,Martensen,30/06/2022,2466.8698,Owned,54,"$4,533,008.49",1954,TRUE,TRUE,92
823,Hrinishin,8/12/2022,2420.4434,Owned,67,"$8,922,294.98",2009,FALSE,TRUE,78
898,Pidwell,27/09/2022,2271.87,Leased,26,"$583,627.31",2005,FALSE,TRUE,91
782,Rishbrook,31/03/2022,2392.8961,Leased,14,"$5,863,167.77",1990,FALSE,TRUE,86
944,Frick,14/03/2022,2235.0329,Owned,32,"$2,088,344.48",2003,FALSE,FALSE,84
3,Sibun,10/04/2022,1564.7868,Leased,16,"$4,212,935.13",2009,FALSE,TRUE,89
497,Bentjens,18/07/2022,843.2179,Owned,22,"$9,818,378.06",2005,FALSE,TRUE,108
282,Pickless,21/10/2022,494.327,Leased,34,"$8,766,177.83",2009,FALSE,TRUE,78
281,Nansom,16/01/2022,1413.3292,Leased,28,"$591,264.77",2005,TRUE,TRUE,95
301,Bouette,20/07/2022,85.5647,Leased,15,"$4,009,871.50",2006,TRUE,FALSE,88
728,Barwise,11/09/2022,297.0085,Leased,56,"$9,894,752.89",2012,TRUE,FALSE,92
48,Sarson,10/10/2022,1087.5305,Leased,85,"$452,761.54",2001,TRUE,TRUE,107
577,Olekhov,26/12/2021,2988.0128,Owned,73,"$7,091,230.43",2001,TRUE,FALSE,85
310,Gotthard.sf,6/05/2022,2655.0648,Owned,9,"$3,158,424.75",1995,TRUE,FALSE,101
98,Ferenc,8/11/2022,63.9213,Leased,2,"$544,492.11",1998,TRUE,TRUE,108
719,Hills,14/02/2022,1529.0416,Leased,60,"$9,544,014.71",1989,FALSE,FALSE,85
732,Pietri,10/01/2022,346.5524,Leased,69,"$3,609,480.99",2009,FALSE,FALSE,94
514,Gumery,10/11/2022,349.7944,Owned,48,"$369,800.60",2010,FALSE,FALSE,63
97,McLeish,18/02/2022,2119.1185,Owned,65,"$2,500,067.62",1998,FALSE,TRUE,90
130,Waycot,16/05/2022,2797.6439,Owned,10,"$9,673,154.70",1998,FALSE,FALSE,80
908,Godding,6/02/2022,824.9597,Leased,57,"$7,268,314.57",2012,TRUE,TRUE,82
275,Radden,22/01/2022,943.9631,Leased,89,"$7,314,374.80",2000,FALSE,TRUE,88
231,Deshorts,30/05/2022,156.5914,Owned,43,"$8,271,365.64",1989,FALSE,TRUE,92
950,Connah,6/12/2022,2590.5683,Owned,46,"$8,952,920.96",2011,TRUE,FALSE,81
879,Cumberpatch,11/03/2022,1072.9121,Owned,12,"$7,492,652.79",2003,FALSE,TRUE,92
850,Saveall,19/06/2022,821.4151,Leased,69,"$3,563,420.40",2008,FALSE,TRUE,99
828,Ailsbury,13/04/2022,1472.5801,Leased,72,"$2,251,377.42",2007,FALSE,FALSE,86
538,Plumstead,25/08/2022,994.9816,Leased,17,"$7,224,959.21",2009,FALSE,TRUE,82
814,Stithe,26/07/2022,510.5637,Owned,24,"$6,161,030.81",1989,FALSE,FALSE,93
46,Fills,20/04/2022,1317.1614,Leased,98,"$2,050,884.33",2011,FALSE,FALSE,89
711,Gouda,16/07/2022,1118.9471,Owned,1,"$80,528.25",2010,FALSE,TRUE,93
758,Harbidge,14/06/2022,1838.1546,Leased,40,"$3,926,397.56",1997,FALSE,TRUE,75
532,Jantzen,22/12/2021,1066.9369,Leased,51,"$1,849,546.66",2006,TRUE,FALSE,83
666,MacGilpatrick,9/11/2022,2464.9466,Leased,4,"$374,359.97",2010,TRUE,TRUE,93
975,Phythean,26/08/2022,749.2856,Leased,74,"$5,365,100.75",1986,FALSE,TRUE,78
337,Capper,10/10/2022,897.6606,Leased,2,"$9,361,543.86",1984,FALSE,TRUE,93
709,Whatley,7/03/2022,1408.6127,Leased,78,"$8,550,879.30",2009,FALSE,FALSE,83
992,Pitt,1/01/2022,2835.3808,Owned,36,"$5,240,468.64",2008,TRUE,FALSE,85
172,Triplett,15/03/2022,874.2888,Owned,64,"$6,368,886.39",2011,FALSE,TRUE,84
614,Ding,15/01/2022,2650.3072,Leased,45,"$9,829,861.82",2001,TRUE,FALSE,91
474,Daughton,8/11/2022,552.3917,Owned,20,"$1,462,478.57",2001,FALSE,TRUE,91
604,Cramp,28/12/2021,2930.6073,Owned,97,"$9,569,139.97",2006,TRUE,TRUE,90
90,Anthoney,17/02/2022,2946.859,Leased,56,"$5,556,351.31",2010,FALSE,TRUE,76
682,Vail,23/03/2022,735.9359,Leased,52,"$1,021,727.04",2008,FALSE,TRUE,91
401,Kibel,10/01/2022,1637.8129,Owned,18,"$4,931,985.62",2010,TRUE,FALSE,90
824,Rochford,18/03/2022,1072.9661,Leased,24,"$3,184,257.07",2011,FALSE,TRUE,81
791,Lowensohn,26/06/2022,2441.0831,Leased,12,"$1,687,591.78",1997,TRUE,FALSE,93
244,Colebrook,13/05/2022,2478.2391,Owned,34,"$1,894,865.82",2010,FALSE,TRUE,89
595,Jansema,22/09/2022,125.8683,Owned,27,"$4,497,805.93",2008,TRUE,FALSE,82
805,Rogers,7/05/2022,891.6459,Leased,54,"$9,457,480.55",1987,TRUE,FALSE,80
811,Brouncker,1/03/2022,778.8473,Owned,91,"$2,737,384.45",2009,TRUE,FALSE,80
115,Oldknowe,29/07/2022,204.3116,Leased,24,"$7,613,130.44",1993,TRUE,TRUE,90
616,Chasen,25/02/2022,2300.7816,Owned,35,"$8,926,139.16",2005,FALSE,FALSE,96
782,Baynton,23/11/2022,1845.7472,Owned,9,"$8,908,849.71",2007,TRUE,FALSE,93
799,Goater,13/07/2022,868.7338,Leased,70,"$2,942,966.74",1993,TRUE,TRUE,91
953,Ferrone,26/07/2022,608.4216,Owned,89,"$7,638,036.69",1992,FALSE,TRUE,77
718,Creany,5/02/2022,230.2159,Owned,44,"$9,973,269.65",2009,FALSE,TRUE,99
625,Landa,26/01/2022,1851.8544,Leased,27,"$1,617,512.78",2010,FALSE,FALSE,102
801,Oxnam,2/04/2022,2783.938,Leased,13,"$1,362,468.15",1995,FALSE,TRUE,105
733,Balstone,31/12/2021,2609.2652,Leased,55,"$8,520,362.01",2004,TRUE,TRUE,89
359,Mussetti,23/03/2022,714.8292,Owned,9,"$6,487,589.60",1996,FALSE,FALSE,74
896,Hugett,2/09/2022,978.2327,Leased,78,"$5,690,345.60",1993,TRUE,TRUE,99
61,Buckam,10/10/2022,52.932,Leased,73,"$3,105,757.09",2004,TRUE,TRUE,105
894,Binks,27/11/2022,733.7608,Leased,68,"$9,800,643.35",1998,TRUE,FALSE,101
598,Fawlks,16/09/2022,2869.6907,Leased,13,"$6,428,946.62",2003,TRUE,TRUE,89
266,Langran,29/12/2021,1998.8104,Owned,7,"$244,786.69",2009,FALSE,TRUE,88
301,Terbrug,5/03/2022,1444.5178,Leased,27,"$21,217.65",1990,TRUE,TRUE,80
726,Smeuin,3/03/2022,1610.5821,Owned,100,"$833,102.72",2005,FALSE,FALSE,80
873,Moreside,9/05/2022,1173.7564,Owned,67,"$5,670,007.36",1993,TRUE,TRUE,94
778,Heminsley,3/02/2022,2056.7501,Owned,51,"$2,030,616.85",2010,FALSE,FALSE,88
554,Warcup,26/02/2022,342.2591,Leased,20,"$1,128,967.33",2011,FALSE,TRUE,93
565,Denis,15/04/2022,495.0381,Owned,65,"$6,671,115.90",2013,TRUE,TRUE,93
826,Mulloch,24/09/2022,321.7756,Owned,47,"$8,572,386.01",1992,FALSE,FALSE,87
704,Rutgers,15/11/2022,2620.5381,Owned,12,"$7,205,455.85",1999,FALSE,FALSE,93
867,Fries,19/09/2022,2575.5181,Owned,28,"$4,455,469.92",2000,TRUE,TRUE,98
153,Joust,3/07/2022,2977.3718,Owned,65,"$2,593,475.57",1998,TRUE,FALSE,88
413,Pococke,12/06/2022,2228.7035,Owned,83,"$8,574,656.51",2006,FALSE,FALSE,90
187,Bascomb,17/04/2022,1556.8158,Leased,14,"$8,500,308.15",1996,TRUE,TRUE,96
394,Hansill,9/03/2022,799.9277,Owned,30,"$8,888,247.68",2008,TRUE,TRUE,89
161,Kielty,1/11/2022,838.4817,Leased,4,"$2,987,505.24",1994,FALSE,FALSE,91
742,Castellini,28/08/2022,541.4403,Leased,100,"$7,429,071.94",2009,TRUE,FALSE,92
639,Dacks,13/09/2022,2885.977,Owned,14,"$3,584,667.81",2007,FALSE,FALSE,88
947,Phipard-Shears,17/08/2022,690.5752,Owned,1,"$5,768,061.52",1995,TRUE,FALSE,90
23,Burgis,21/04/2022,807.1993,Leased,15,"$2,246,473.20",1996,TRUE,FALSE,91
550,Brownsworth,9/04/2022,1018.1558,Owned,15,"$6,498,675.22",2010,FALSE,TRUE,90
482,Noell,25/05/2022,2198.6366,Leased,86,"$9,622,040.00",1998,FALSE,FALSE,92
114,Downing,23/12/2021,1819.0079,Leased,82,"$1,461,273.94",1992,TRUE,TRUE,87
956,Lassell,18/01/2022,1150.6866,Owned,20,"$9,171,952.57",1992,TRUE,FALSE,100
962,Sturton,29/09/2022,734.705,Leased,68,"$8,979,442.89",2007,TRUE,TRUE,94
569,Berthomieu,20/11/2022,1875.8906,Leased,13,"$4,246,078.67",1995,TRUE,TRUE,82
523,MacMaster,27/05/2022,348.0278,Owned,44,"$1,004,350.09",2009,TRUE,FALSE,78
162,Whitland,2/05/2022,2064.0172,Owned,6,"$5,546,903.64",1986,TRUE,TRUE,113
430,Glanville,7/10/2022,2556.9934,Owned,32,"$9,121,272.60",1999,TRUE,FALSE,77
346,Bernadzki,18/10/2022,1717.1514,Leased,26,"$2,526,442.15",1986,TRUE,TRUE,85
239,Waymont,20/12/2021,2174.9143,Owned,4,"$9,692,347.08",1989,FALSE,TRUE,76
922,Krimmer,13/12/2022,2103.916,Leased,57,"$6,010,252.90",1999,TRUE,FALSE,78
341,Brandolini,18/04/2022,1450.2918,Leased,97,"$8,542,185.78",1989,TRUE,TRUE,88
397,Claris,4/06/2022,46.0663,Leased,95,"$3,348,922.29",2012,FALSE,FALSE,87
649,Orrey,24/11/2022,1314.634,Owned,8,"$3,400,040.20",1986,TRUE,FALSE,78
498,Wiggans,20/03/2022,1897.9164,Leased,85,"$1,287,405.52",2013,TRUE,TRUE,99
27,Brougham,13/10/2022,994.0807,Owned,9,"$8,418,873.35",2010,TRUE,FALSE,112
352,Marshman,10/11/2022,2802.6444,Owned,42,"$6,989,338.73",1993,TRUE,FALSE,87
191,Matzl,14/12/2022,1324.8362,Leased,20,"$3,745,016.90",1985,TRUE,FALSE,82
960,Ellam,11/05/2022,2873.3312,Owned,67,"$4,236,012.39",2010,FALSE,TRUE,96
927,Birdseye,8/12/2022,1458.23,Leased,3,"$5,760,520.15",2012,TRUE,TRUE,105
122,Finlan,8/09/2022,2559.6823,Owned,47,"$7,521,845.01",2007,TRUE,TRUE,85
943,Goodsall,20/12/2021,330.057,Leased,3,"$2,398,782.78",1993,TRUE,FALSE,90
206,Paye,9/05/2022,992.3488,Leased,18,"$3,740,950.43",2003,TRUE,TRUE,76
320,Leather,14/08/2022,1273.3771,Owned,17,"$7,411,856.81",2005,FALSE,TRUE,78
831,Eassom,4/11/2022,2091.7966,Owned,68,"$1,373,766.69",2002,TRUE,FALSE,69
708,Ianilli,13/08/2022,2300.9595,Owned,35,"$6,445,066.98",1994,TRUE,FALSE,93
946,Mac Giany,28/06/2022,1059.9207,Owned,96,"$1,790,062.15",2002,FALSE,FALSE,76
148,Dumbrill,2/11/2022,2708.3476,Leased,18,"$5,118,588.39",1996,TRUE,TRUE,83
113,Steers,14/08/2022,1051.1332,Leased,20,"$9,143,691.35",2012,FALSE,TRUE,99
130,Hungerford,21/04/2022,1710.557,Owned,91,"$5,342,117.81",2010,FALSE,FALSE,84
766,Fassum,16/07/2022,2452.785,Owned,83,"$8,794,301.06",1993,TRUE,FALSE,106
228,Tixier,6/03/2022,1967.7753,Leased,25,"$204,780.62",2007,FALSE,TRUE,102
459,Cianelli,12/02/2022,906.1697,Leased,42,"$5,854,397.29",2008,TRUE,FALSE,81
226,Hoofe,10/02/2022,182.6214,Leased,94,"$7,757,965.93",1989,TRUE,TRUE,81
800,Anniwell,20/06/2022,2210.3022,Owned,59,"$8,707,842.74",1995,FALSE,TRUE,95
133,Harbin,26/12/2021,924.2251,Owned,46,"$6,920,537.45",2007,TRUE,TRUE,93
22,Renison,25/01/2022,1941.8779,Owned,52,"$6,960,750.21",2011,FALSE,TRUE,94
146,Longbone,18/11/2022,2175.4061,Owned,28,"$1,509,276.63",2007,FALSE,TRUE,79
766,Naire,14/10/2022,1856.8833,Owned,62,"$9,957,907.77",2003,FALSE,FALSE,96
717,Maclean,14/06/2022,330.5143,Owned,32,"$4,742,065.29",1985,TRUE,TRUE,83
416,Gilks,9/04/2022,2080.5242,Leased,8,"$2,533,367.98",1993,FALSE,FALSE,90
510,Topling,6/09/2022,345.4961,Owned,55,"$6,164,372.61",1995,TRUE,TRUE,101
166,Heyns,25/10/2022,1886.2249,Leased,14,"$55,725.69",2003,TRUE,FALSE,93
817,McCreadie,17/03/2022,2466.7318,Owned,40,"$596,086.67",2006,FALSE,TRUE,101
110,Roalfe,26/12/2021,1325.3143,Leased,24,"$9,554,848.78",2006,FALSE,TRUE,82
170,Woodings,29/03/2022,1408.872,Leased,39,"$3,451,982.50",2005,TRUE,TRUE,85
303,Coggon,27/01/2022,1964.6314,Owned,19,"$2,450,594.43",1994,FALSE,FALSE,83
431,McComb,13/01/2022,1558.7582,Leased,91,"$7,849,092.97",1991,TRUE,FALSE,98
553,Pollock,13/10/2022,2970.8652,Owned,7,"$3,746,470.90",2011,TRUE,TRUE,105
564,Buckner,20/02/2022,1316.9494,Leased,87,"$843,364.52",1992,FALSE,TRUE,92
787,St Ange,14/08/2022,472.3923,Leased,28,"$1,004,268.52",1996,FALSE,TRUE,94
871,Tregent,17/10/2022,211.7565,Owned,5,"$1,674,087.23",2008,FALSE,FALSE,87
395,Babalola,8/07/2022,84.2582,Owned,83,"$9,621,863.54",2003,FALSE,TRUE,75
119,Nairne,15/05/2022,93.0288,Owned,14,"$3,960,561.73",2000,FALSE,TRUE,89
708,Tosspell,24/12/2021,1534.1531,Owned,97,"$713,426.11",1994,FALSE,TRUE,103
482,Blaby,20/04/2022,669.3034,Leased,50,"$1,218,457.24",2005,FALSE,TRUE,98
904,Quartermain,27/10/2022,1451.5476,Leased,11,"$5,882,760.61",2001,FALSE,FALSE,90
979,Copyn,13/04/2022,467.2104,Leased,25,"$4,909,336.58",2008,FALSE,TRUE,91
99,Bridgeland,26/01/2022,2626.9586,Leased,33,"$6,757,576.59",1998,TRUE,FALSE,94
332,Falconar,9/06/2022,2755.0744,Leased,6,"$1,386,426.58",2006,FALSE,TRUE,86
634,Kabsch,24/10/2022,2651.2445,Owned,36,"$7,413,565.28",1986,TRUE,TRUE,82
448,Zavittieri,4/05/2022,193.525,Leased,22,"$3,438,541.97",2010,FALSE,TRUE,99
128,Meers,26/03/2022,1367.8832,Owned,28,"$5,206,598.42",1999,TRUE,FALSE,76
481,Stickles,25/03/2022,1734.3181,Owned,2,"$5,173,183.36",1992,TRUE,FALSE,95
517,Shuttlewood,7/11/2022,118.4979,Leased,32,"$4,886,359.38",2007,FALSE,FALSE,114
576,Learoid,21/12/2021,1511.5283,Owned,82,"$2,638,933.76",2009,TRUE,TRUE,96
236,Stitfall,22/09/2022,1830.3581,Owned,100,"$3,947,710.12",1998,FALSE,TRUE,83
322,Arlt,10/04/2022,2265.3696,Leased,25,"$909,512.44",2009,FALSE,TRUE,93
661,MacDowall,1/11/2022,2516.0358,Owned,70,"$6,812,876.58",1986,FALSE,FALSE,91
585,O'Toole,7/12/2022,431.7101,Owned,81,"$9,073,769.92",1994,TRUE,FALSE,96
923,Rupke,18/08/2022,2415.0932,Owned,68,"$7,217,104.82",1992,TRUE,FALSE,93
325,Sancias,19/02/2022,1004.5649,Leased,56,"$5,657,609.20",2009,FALSE,TRUE,97
317,Sweed,5/08/2022,602.5654,Owned,59,"$2,720,690.91",1998,FALSE,FALSE,99
158,Arghent,13/11/2022,767.6932,Leased,2,"$7,552,836.24",1995,TRUE,FALSE,97
266,Nightingale,25/12/2021,2898.9861,Owned,95,"$3,746,433.94",1996,FALSE,TRUE,97
67,Rablin,25/09/2022,1001.3333,Owned,89,"$7,766,984.70",1993,FALSE,TRUE,85
660,Ashforth,25/10/2022,2082.0101,Owned,85,"$6,177,421.01",1999,FALSE,TRUE,85
141,Faithfull,1/01/2022,377.2645,Owned,90,"$8,701,219.97",2002,FALSE,FALSE,84
485,Beaten,16/09/2022,1699.4744,Owned,26,"$5,983,729.74",2000,TRUE,TRUE,99
310,Marnane,21/09/2022,1471.854,Owned,72,"$8,941,148.83",2011,TRUE,TRUE,91
302,Andrews,8/07/2022,2013.7774,Leased,47,"$4,126,451.24",2003,FALSE,TRUE,99
706,Biasio,8/04/2022,1086.0653,Owned,41,"$17,566.13",1999,TRUE,TRUE,87
603,Parkhouse,4/01/2022,287.9388,Leased,32,"$7,153,864.45",1997,FALSE,FALSE,69
329,Giovanizio,23/10/2022,1433.6984,Owned,59,"$6,983,325.84",1996,FALSE,TRUE,80
